2025-10-30 17:05:23 - c.n.s.SecureNetworkMonitorApplication - Starting SecureNetworkMonitorApplication using Java 24.0.1 on GowthamG with PID 6984 (C:\Users\gowth\Downloads\secure-network-monitor\secure-network-monitor\target\classes started by Gowtham G in C:\Users\gowth\Downloads\secure-network-monitor)
2025-10-30 17:05:23 - c.n.s.SecureNetworkMonitorApplication - Running with Spring Boot v2.7.18, Spring v5.3.31
2025-10-30 17:05:23 - c.n.s.SecureNetworkMonitorApplication - No active profile set, falling back to 1 default profile: "default"
2025-10-30 17:05:24 - o.s.d.r.c.RepositoryConfigurationDelegate - Bootstrapping Spring Data JPA repositories in DEFAULT mode.
2025-10-30 17:05:24 - o.s.d.r.c.RepositoryConfigurationDelegate - Finished Spring Data repository scanning in 58 ms. Found 1 JPA repository interfaces.
2025-10-30 17:05:25 - o.s.b.w.e.tomcat.TomcatWebServer - Tomcat initialized with port(s): 8080 (http)
2025-10-30 17:05:25 - o.a.catalina.core.StandardService - Starting service [Tomcat]
2025-10-30 17:05:25 - o.a.catalina.core.StandardEngine - Starting Servlet engine: [Apache Tomcat/9.0.83]
2025-10-30 17:05:25 - o.a.c.c.C.[Tomcat].[localhost].[/] - Initializing Spring embedded WebApplicationContext
2025-10-30 17:05:25 - o.s.b.w.s.c.ServletWebServerApplicationContext - Root WebApplicationContext: initialization completed in 1499 ms
2025-10-30 17:05:25 - com.zaxxer.hikari.HikariDataSource - HikariPool-1 - Starting...
2025-10-30 17:05:25 - com.zaxxer.hikari.HikariDataSource - HikariPool-1 - Start completed.
2025-10-30 17:05:25 - o.s.b.a.h.H2ConsoleAutoConfiguration - H2 console available at '/h2-console'. Database available at 'jdbc:h2:mem:networkdb'
2025-10-30 17:05:25 - c.n.s.security.JwtTokenFilter - Filter 'jwtTokenFilter' configured for use
2025-10-30 17:05:25 - o.h.jpa.internal.util.LogHelper - HHH000204: Processing PersistenceUnitInfo [name: default]
2025-10-30 17:05:25 - org.hibernate.Version - HHH000412: Hibernate ORM core version 5.6.15.Final
2025-10-30 17:05:25 - o.h.annotations.common.Version - HCANN000001: Hibernate Commons Annotations {5.1.2.Final}
2025-10-30 17:05:26 - org.hibernate.dialect.Dialect - HHH000400: Using dialect: org.hibernate.dialect.PostgreSQLDialect
2025-10-30 17:05:26 - org.hibernate.SQL - 
    
    create table network_packets (
       id  bigserial not null,
        created_at timestamp,
        destination_ip varchar(45),
        encrypted_data TEXT,
        packet_length int4,
        packet_protocol varchar(20),
        raw_packet_data oid,
        source_ip varchar(45),
        packet_timestamp int8,
        primary key (id)
    )
2025-10-30 17:05:26 - o.h.t.s.i.ExceptionHandlerLoggedImpl - GenerationTarget encountered exception accepting command : Error executing DDL "
    create table network_packets (
       id  bigserial not null,
        created_at timestamp,
        destination_ip varchar(45),
        encrypted_data TEXT,
        packet_length int4,
        packet_protocol varchar(20),
        raw_packet_data oid,
        source_ip varchar(45),
        packet_timestamp int8,
        primary key (id)
    )" via JDBC Statement
org.hibernate.tool.schema.spi.CommandAcceptanceException: Error executing DDL "
    create table network_packets (
       id  bigserial not null,
        created_at timestamp,
        destination_ip varchar(45),
        encrypted_data TEXT,
        packet_length int4,
        packet_protocol varchar(20),
        raw_packet_data oid,
        source_ip varchar(45),
        packet_timestamp int8,
        primary key (id)
    )" via JDBC Statement
	at org.hibernate.tool.schema.internal.exec.GenerationTargetToDatabase.accept(GenerationTargetToDatabase.java:67)
	at org.hibernate.tool.schema.internal.AbstractSchemaMigrator.applySqlString(AbstractSchemaMigrator.java:581)
	at org.hibernate.tool.schema.internal.AbstractSchemaMigrator.applySqlStrings(AbstractSchemaMigrator.java:526)
	at org.hibernate.tool.schema.internal.AbstractSchemaMigrator.createTable(AbstractSchemaMigrator.java:293)
	at org.hibernate.tool.schema.internal.GroupedSchemaMigratorImpl.performTablesMigration(GroupedSchemaMigratorImpl.java:74)
	at org.hibernate.tool.schema.internal.AbstractSchemaMigrator.performMigration(AbstractSchemaMigrator.java:220)
	at org.hibernate.tool.schema.internal.AbstractSchemaMigrator.doMigration(AbstractSchemaMigrator.java:123)
	at org.hibernate.tool.schema.spi.SchemaManagementToolCoordinator.performDatabaseAction(SchemaManagementToolCoordinator.java:196)
	at org.hibernate.tool.schema.spi.SchemaManagementToolCoordinator.process(SchemaManagementToolCoordinator.java:85)
	at org.hibernate.internal.SessionFactoryImpl.<init>(SessionFactoryImpl.java:335)
	at org.hibernate.boot.internal.SessionFactoryBuilderImpl.build(SessionFactoryBuilderImpl.java:471)
	at org.hibernate.jpa.boot.internal.EntityManagerFactoryBuilderImpl.build(EntityManagerFactoryBuilderImpl.java:1498)
	at org.springframework.orm.jpa.vendor.SpringHibernateJpaPersistenceProvider.createContainerEntityManagerFactory(SpringHibernateJpaPersistenceProvider.java:58)
	at org.springframework.orm.jpa.LocalContainerEntityManagerFactoryBean.createNativeEntityManagerFactory(LocalContainerEntityManagerFactoryBean.java:365)
	at org.springframework.orm.jpa.AbstractEntityManagerFactoryBean.buildNativeEntityManagerFactory(AbstractEntityManagerFactoryBean.java:409)
	at org.springframework.orm.jpa.AbstractEntityManagerFactoryBean.afterPropertiesSet(AbstractEntityManagerFactoryBean.java:396)
	at org.springframework.orm.jpa.LocalContainerEntityManagerFactoryBean.afterPropertiesSet(LocalContainerEntityManagerFactoryBean.java:341)
	at org.springframework.beans.factory.support.AbstractAutowireCapableBeanFactory.invokeInitMethods(AbstractAutowireCapableBeanFactory.java:1863)
	at org.springframework.beans.factory.support.AbstractAutowireCapableBeanFactory.initializeBean(AbstractAutowireCapableBeanFactory.java:1800)
	at org.springframework.beans.factory.support.AbstractAutowireCapableBeanFactory.doCreateBean(AbstractAutowireCapableBeanFactory.java:620)
	at org.springframework.beans.factory.support.AbstractAutowireCapableBeanFactory.createBean(AbstractAutowireCapableBeanFactory.java:542)
	at org.springframework.beans.factory.support.AbstractBeanFactory.lambda$doGetBean$0(AbstractBeanFactory.java:335)
	at org.springframework.beans.factory.support.DefaultSingletonBeanRegistry.getSingleton(DefaultSingletonBeanRegistry.java:234)
	at org.springframework.beans.factory.support.AbstractBeanFactory.doGetBean(AbstractBeanFactory.java:333)
	at org.springframework.beans.factory.support.AbstractBeanFactory.getBean(AbstractBeanFactory.java:208)
	at org.springframework.context.support.AbstractApplicationContext.getBean(AbstractApplicationContext.java:1168)
	at org.springframework.context.support.AbstractApplicationContext.finishBeanFactoryInitialization(AbstractApplicationContext.java:919)
	at org.springframework.context.support.AbstractApplicationContext.refresh(AbstractApplicationContext.java:591)
	at org.springframework.boot.web.servlet.context.ServletWebServerApplicationContext.refresh(ServletWebServerApplicationContext.java:147)
	at org.springframework.boot.SpringApplication.refresh(SpringApplication.java:732)
	at org.springframework.boot.SpringApplication.refreshContext(SpringApplication.java:409)
	at org.springframework.boot.SpringApplication.run(SpringApplication.java:308)
	at org.springframework.boot.SpringApplication.run(SpringApplication.java:1300)
	at org.springframework.boot.SpringApplication.run(SpringApplication.java:1289)
	at com.networkmonitor.secure_network_monitor.SecureNetworkMonitorApplication.main(SecureNetworkMonitorApplication.java:10)
Caused by: org.h2.jdbc.JdbcSQLNonTransientException: Unknown data type: "OID"; SQL statement:

    create table network_packets (
       id  bigserial not null,
        created_at timestamp,
        destination_ip varchar(45),
        encrypted_data TEXT,
        packet_length int4,
        packet_protocol varchar(20),
        raw_packet_data oid,
        source_ip varchar(45),
        packet_timestamp int8,
        primary key (id)
    ) [50004-214]
	at org.h2.message.DbException.getJdbcSQLException(DbException.java:554)
	at org.h2.message.DbException.getJdbcSQLException(DbException.java:477)
	at org.h2.message.DbException.get(DbException.java:223)
	at org.h2.message.DbException.get(DbException.java:199)
	at org.h2.command.Parser.readIfDataType1(Parser.java:6249)
	at org.h2.command.Parser.readIfDataType(Parser.java:6087)
	at org.h2.command.Parser.parseColumnWithType(Parser.java:6069)
	at org.h2.command.Parser.parseColumnForTable(Parser.java:5948)
	at org.h2.command.Parser.parseTableColumnDefinition(Parser.java:9331)
	at org.h2.command.Parser.parseCreateTable(Parser.java:9271)
	at org.h2.command.Parser.parseCreate(Parser.java:6784)
	at org.h2.command.Parser.parsePrepared(Parser.java:763)
	at org.h2.command.Parser.parse(Parser.java:689)
	at org.h2.command.Parser.parse(Parser.java:661)
	at org.h2.command.Parser.prepareCommand(Parser.java:569)
	at org.h2.engine.SessionLocal.prepareLocal(SessionLocal.java:631)
	at org.h2.engine.SessionLocal.prepareCommand(SessionLocal.java:554)
	at org.h2.jdbc.JdbcConnection.prepareCommand(JdbcConnection.java:1116)
	at org.h2.jdbc.JdbcStatement.executeInternal(JdbcStatement.java:237)
	at org.h2.jdbc.JdbcStatement.execute(JdbcStatement.java:223)
	at com.zaxxer.hikari.pool.ProxyStatement.execute(ProxyStatement.java:94)
	at com.zaxxer.hikari.pool.HikariProxyStatement.execute(HikariProxyStatement.java)
	at org.hibernate.tool.schema.internal.exec.GenerationTargetToDatabase.accept(GenerationTargetToDatabase.java:54)
	... 34 common frames omitted
2025-10-30 17:05:26 - o.h.e.t.j.p.i.JtaPlatformInitiator - HHH000490: Using JtaPlatform implementation: [org.hibernate.engine.transaction.jta.platform.internal.NoJtaPlatform]
2025-10-30 17:05:26 - o.s.o.j.LocalContainerEntityManagerFactoryBean - Initialized JPA EntityManagerFactory for persistence unit 'default'
2025-10-30 17:05:27 - o.s.s.web.DefaultSecurityFilterChain - Will secure any request with [org.springframework.security.web.session.DisableEncodeUrlFilter@6761f75b, org.springframework.security.web.context.request.async.WebAsyncManagerIntegrationFilter@7c8a91e2, org.springframework.security.web.context.SecurityContextPersistenceFilter@110318a7, org.springframework.security.web.header.HeaderWriterFilter@33f4844b, org.springframework.security.web.authentication.logout.LogoutFilter@49322d04, com.networkmonitor.secure_network_monitor.security.JwtTokenFilter@75b38c36, org.springframework.security.web.savedrequest.RequestCacheAwareFilter@4b4228cf, org.springframework.security.web.servletapi.SecurityContextHolderAwareRequestFilter@7d216ee8, org.springframework.security.web.authentication.AnonymousAuthenticationFilter@c7443f, org.springframework.security.web.session.SessionManagementFilter@28d7bd6b, org.springframework.security.web.access.ExceptionTranslationFilter@412440c1, org.springframework.security.web.access.intercept.FilterSecurityInterceptor@862624f]
2025-10-30 17:05:27 - o.s.b.a.o.j.JpaBaseConfiguration$JpaWebConfiguration - spring.jpa.open-in-view is enabled by default. Therefore, database queries may be performed during view rendering. Explicitly configure spring.jpa.open-in-view to disable this warning
2025-10-30 17:05:28 - o.s.b.w.e.tomcat.TomcatWebServer - Tomcat started on port(s): 8080 (http) with context path ''
2025-10-30 17:05:28 - c.n.s.SecureNetworkMonitorApplication - Started SecureNetworkMonitorApplication in 4.702 seconds (JVM running for 7.968)
2025-10-30 17:05:44 - o.a.c.c.C.[Tomcat].[localhost].[/] - Initializing Spring DispatcherServlet 'dispatcherServlet'
2025-10-30 17:05:44 - o.s.web.servlet.DispatcherServlet - Initializing Servlet 'dispatcherServlet'
2025-10-30 17:05:44 - o.s.web.servlet.DispatcherServlet - Completed initialization in 0 ms
2025-10-30 17:05:52 - org.hibernate.SQL - 
    select
        count(*) as col_0_0_ 
    from
        network_packets networkpac0_
2025-10-30 17:05:52 - o.h.e.jdbc.spi.SqlExceptionHelper - SQL Error: 42104, SQLState: 42S04
2025-10-30 17:05:52 - o.h.e.jdbc.spi.SqlExceptionHelper - Table "NETWORK_PACKETS" not found (this database is empty); SQL statement:
select count(*) as col_0_0_ from network_packets networkpac0_ [42104-214]
2025-10-30 17:05:52 - o.a.c.c.C.[.[.[.[dispatcherServlet] - Servlet.service() for servlet [dispatcherServlet] in context with path [] threw exception [Request processing failed; nested exception is org.springframework.dao.InvalidDataAccessResourceUsageException: could not prepare statement; SQL [select count(*) as col_0_0_ from network_packets networkpac0_]; nested exception is org.hibernate.exception.SQLGrammarException: could not prepare statement] with root cause
org.h2.jdbc.JdbcSQLSyntaxErrorException: Table "NETWORK_PACKETS" not found (this database is empty); SQL statement:
select count(*) as col_0_0_ from network_packets networkpac0_ [42104-214]
	at org.h2.message.DbException.getJdbcSQLException(DbException.java:502)
	at org.h2.message.DbException.getJdbcSQLException(DbException.java:477)
	at org.h2.message.DbException.get(DbException.java:223)
	at org.h2.message.DbException.get(DbException.java:199)
	at org.h2.command.Parser.getTableOrViewNotFoundDbException(Parser.java:8385)
	at org.h2.command.Parser.getTableOrViewNotFoundDbException(Parser.java:8369)
	at org.h2.command.Parser.readTableOrView(Parser.java:8358)
	at org.h2.command.Parser.readTablePrimary(Parser.java:1863)
	at org.h2.command.Parser.readTableReference(Parser.java:2334)
	at org.h2.command.Parser.parseSelectFromPart(Parser.java:2772)
	at org.h2.command.Parser.parseSelect(Parser.java:2878)
	at org.h2.command.Parser.parseQueryPrimary(Parser.java:2762)
	at org.h2.command.Parser.parseQueryTerm(Parser.java:2633)
	at org.h2.command.Parser.parseQueryExpressionBody(Parser.java:2612)
	at org.h2.command.Parser.parseQueryExpressionBodyAndEndOfQuery(Parser.java:2605)
	at org.h2.command.Parser.parseQueryExpression(Parser.java:2598)
	at org.h2.command.Parser.parseQuery(Parser.java:2567)
	at org.h2.command.Parser.parsePrepared(Parser.java:724)
	at org.h2.command.Parser.parse(Parser.java:689)
	at org.h2.command.Parser.parse(Parser.java:661)
	at org.h2.command.Parser.prepareCommand(Parser.java:569)
	at org.h2.engine.SessionLocal.prepareLocal(SessionLocal.java:631)
	at org.h2.engine.SessionLocal.prepareCommand(SessionLocal.java:554)
	at org.h2.jdbc.JdbcConnection.prepareCommand(JdbcConnection.java:1116)
	at org.h2.jdbc.JdbcPreparedStatement.<init>(JdbcPreparedStatement.java:92)
	at org.h2.jdbc.JdbcConnection.prepareStatement(JdbcConnection.java:288)
	at com.zaxxer.hikari.pool.ProxyConnection.prepareStatement(ProxyConnection.java:337)
	at com.zaxxer.hikari.pool.HikariProxyConnection.prepareStatement(HikariProxyConnection.java)
	at org.hibernate.engine.jdbc.internal.StatementPreparerImpl$5.doPrepare(StatementPreparerImpl.java:149)
	at org.hibernate.engine.jdbc.internal.StatementPreparerImpl$StatementPreparationTemplate.prepareStatement(StatementPreparerImpl.java:176)
	at org.hibernate.engine.jdbc.internal.StatementPreparerImpl.prepareQueryStatement(StatementPreparerImpl.java:151)
	at org.hibernate.loader.Loader.prepareQueryStatement(Loader.java:2122)
	at org.hibernate.loader.Loader.executeQueryStatement(Loader.java:2059)
	at org.hibernate.loader.Loader.executeQueryStatement(Loader.java:2037)
	at org.hibernate.loader.Loader.doQuery(Loader.java:956)
	at org.hibernate.loader.Loader.doQueryAndInitializeNonLazyCollections(Loader.java:357)
	at org.hibernate.loader.Loader.doList(Loader.java:2868)
	at org.hibernate.loader.Loader.doList(Loader.java:2850)
	at org.hibernate.loader.Loader.listIgnoreQueryCache(Loader.java:2682)
	at org.hibernate.loader.Loader.list(Loader.java:2677)
	at org.hibernate.loader.hql.QueryLoader.list(QueryLoader.java:540)
	at org.hibernate.hql.internal.ast.QueryTranslatorImpl.list(QueryTranslatorImpl.java:400)
	at org.hibernate.engine.query.spi.HQLQueryPlan.performList(HQLQueryPlan.java:218)
	at org.hibernate.internal.SessionImpl.list(SessionImpl.java:1459)
	at org.hibernate.query.internal.AbstractProducedQuery.doList(AbstractProducedQuery.java:1649)
	at org.hibernate.query.internal.AbstractProducedQuery.list(AbstractProducedQuery.java:1617)
	at org.hibernate.query.internal.AbstractProducedQuery.getSingleResult(AbstractProducedQuery.java:1665)
	at org.springframework.data.jpa.repository.support.SimpleJpaRepository.count(SimpleJpaRepository.java:643)
	at java.base/jdk.internal.reflect.DirectMethodHandleAccessor.invoke(DirectMethodHandleAccessor.java:104)
	at java.base/java.lang.reflect.Method.invoke(Method.java:565)
	at org.springframework.data.repository.core.support.RepositoryMethodInvoker$RepositoryFragmentMethodInvoker.lambda$new$0(RepositoryMethodInvoker.java:289)
	at org.springframework.data.repository.core.support.RepositoryMethodInvoker.doInvoke(RepositoryMethodInvoker.java:137)
	at org.springframework.data.repository.core.support.RepositoryMethodInvoker.invoke(RepositoryMethodInvoker.java:121)
	at org.springframework.data.repository.core.support.RepositoryComposition$RepositoryFragments.invoke(RepositoryComposition.java:530)
	at org.springframework.data.repository.core.support.RepositoryComposition.invoke(RepositoryComposition.java:286)
	at org.springframework.data.repository.core.support.RepositoryFactorySupport$ImplementationMethodExecutionInterceptor.invoke(RepositoryFactorySupport.java:640)
	at org.springframework.aop.framework.ReflectiveMethodInvocation.proceed(ReflectiveMethodInvocation.java:186)
	at org.springframework.data.repository.core.support.QueryExecutorMethodInterceptor.doInvoke(QueryExecutorMethodInterceptor.java:164)
	at org.springframework.data.repository.core.support.QueryExecutorMethodInterceptor.invoke(QueryExecutorMethodInterceptor.java:139)
	at org.springframework.aop.framework.ReflectiveMethodInvocation.proceed(ReflectiveMethodInvocation.java:186)
	at org.springframework.data.projection.DefaultMethodInvokingMethodInterceptor.invoke(DefaultMethodInvokingMethodInterceptor.java:76)
	at org.springframework.aop.framework.ReflectiveMethodInvocation.proceed(ReflectiveMethodInvocation.java:186)
	at org.springframework.transaction.interceptor.TransactionInterceptor$1.proceedWithInvocation(TransactionInterceptor.java:123)
	at org.springframework.transaction.interceptor.TransactionAspectSupport.invokeWithinTransaction(TransactionAspectSupport.java:388)
	at org.springframework.transaction.interceptor.TransactionInterceptor.invoke(TransactionInterceptor.java:119)
	at org.springframework.aop.framework.ReflectiveMethodInvocation.proceed(ReflectiveMethodInvocation.java:186)
	at org.springframework.dao.support.PersistenceExceptionTranslationInterceptor.invoke(PersistenceExceptionTranslationInterceptor.java:137)
	at org.springframework.aop.framework.ReflectiveMethodInvocation.proceed(ReflectiveMethodInvocation.java:186)
	at org.springframework.data.jpa.repository.support.CrudMethodMetadataPostProcessor$CrudMethodMetadataPopulatingMethodInterceptor.invoke(CrudMethodMetadataPostProcessor.java:174)
	at org.springframework.aop.framework.ReflectiveMethodInvocation.proceed(ReflectiveMethodInvocation.java:186)
	at org.springframework.aop.interceptor.ExposeInvocationInterceptor.invoke(ExposeInvocationInterceptor.java:97)
	at org.springframework.aop.framework.ReflectiveMethodInvocation.proceed(ReflectiveMethodInvocation.java:186)
	at org.springframework.aop.framework.JdkDynamicAopProxy.invoke(JdkDynamicAopProxy.java:241)
	at jdk.proxy2/jdk.proxy2.$Proxy111.count(Unknown Source)
	at com.networkmonitor.secure_network_monitor.service.DashboardService.getDashboardStatistics(DashboardService.java:22)
	at com.networkmonitor.secure_network_monitor.controller.NetworkMonitorController.getDashboardStats(NetworkMonitorController.java:62)
	at com.networkmonitor.secure_network_monitor.controller.NetworkMonitorController$$FastClassBySpringCGLIB$$d3f3d5e2.invoke(<generated>)
	at org.springframework.cglib.proxy.MethodProxy.invoke(MethodProxy.java:218)
	at org.springframework.aop.framework.CglibAopProxy$CglibMethodInvocation.invokeJoinpoint(CglibAopProxy.java:792)
	at org.springframework.aop.framework.ReflectiveMethodInvocation.proceed(ReflectiveMethodInvocation.java:163)
	at org.springframework.aop.framework.CglibAopProxy$CglibMethodInvocation.proceed(CglibAopProxy.java:762)
	at org.springframework.security.access.intercept.aopalliance.MethodSecurityInterceptor.invoke(MethodSecurityInterceptor.java:61)
	at org.springframework.aop.framework.ReflectiveMethodInvocation.proceed(ReflectiveMethodInvocation.java:186)
	at org.springframework.aop.framework.CglibAopProxy$CglibMethodInvocation.proceed(CglibAopProxy.java:762)
	at org.springframework.aop.framework.CglibAopProxy$DynamicAdvisedInterceptor.intercept(CglibAopProxy.java:707)
	at com.networkmonitor.secure_network_monitor.controller.NetworkMonitorController$$EnhancerBySpringCGLIB$$c1108d17.getDashboardStats(<generated>)
	at java.base/jdk.internal.reflect.DirectMethodHandleAccessor.invoke(DirectMethodHandleAccessor.java:104)
	at java.base/java.lang.reflect.Method.invoke(Method.java:565)
	at org.springframework.web.method.support.InvocableHandlerMethod.doInvoke(InvocableHandlerMethod.java:205)
	at org.springframework.web.method.support.InvocableHandlerMethod.invokeForRequest(InvocableHandlerMethod.java:150)
	at org.springframework.web.servlet.mvc.method.annotation.ServletInvocableHandlerMethod.invokeAndHandle(ServletInvocableHandlerMethod.java:117)
	at org.springframework.web.servlet.mvc.method.annotation.RequestMappingHandlerAdapter.invokeHandlerMethod(RequestMappingHandlerAdapter.java:895)
	at org.springframework.web.servlet.mvc.method.annotation.RequestMappingHandlerAdapter.handleInternal(RequestMappingHandlerAdapter.java:808)
	at org.springframework.web.servlet.mvc.method.AbstractHandlerMethodAdapter.handle(AbstractHandlerMethodAdapter.java:87)
	at org.springframework.web.servlet.DispatcherServlet.doDispatch(DispatcherServlet.java:1072)
	at org.springframework.web.servlet.DispatcherServlet.doService(DispatcherServlet.java:965)
	at org.springframework.web.servlet.FrameworkServlet.processRequest(FrameworkServlet.java:1006)
	at org.springframework.web.servlet.FrameworkServlet.doGet(FrameworkServlet.java:898)
	at javax.servlet.http.HttpServlet.service(HttpServlet.java:529)
	at org.springframework.web.servlet.FrameworkServlet.service(FrameworkServlet.java:883)
	at javax.servlet.http.HttpServlet.service(HttpServlet.java:623)
	at org.apache.catalina.core.ApplicationFilterChain.internalDoFilter(ApplicationFilterChain.java:209)
	at org.apache.catalina.core.ApplicationFilterChain.doFilter(ApplicationFilterChain.java:153)
	at org.apache.tomcat.websocket.server.WsFilter.doFilter(WsFilter.java:51)
	at org.apache.catalina.core.ApplicationFilterChain.internalDoFilter(ApplicationFilterChain.java:178)
	at org.apache.catalina.core.ApplicationFilterChain.doFilter(ApplicationFilterChain.java:153)
	at org.springframework.web.filter.OncePerRequestFilter.doFilter(OncePerRequestFilter.java:111)
	at org.apache.catalina.core.ApplicationFilterChain.internalDoFilter(ApplicationFilterChain.java:178)
	at org.apache.catalina.core.ApplicationFilterChain.doFilter(ApplicationFilterChain.java:153)
	at org.springframework.security.web.FilterChainProxy$VirtualFilterChain.doFilter(FilterChainProxy.java:337)
	at org.springframework.security.web.access.intercept.FilterSecurityInterceptor.invoke(FilterSecurityInterceptor.java:115)
	at org.springframework.security.web.access.intercept.FilterSecurityInterceptor.doFilter(FilterSecurityInterceptor.java:81)
	at org.springframework.security.web.FilterChainProxy$VirtualFilterChain.doFilter(FilterChainProxy.java:346)
	at org.springframework.security.web.access.ExceptionTranslationFilter.doFilter(ExceptionTranslationFilter.java:122)
	at org.springframework.security.web.access.ExceptionTranslationFilter.doFilter(ExceptionTranslationFilter.java:116)
	at org.springframework.security.web.FilterChainProxy$VirtualFilterChain.doFilter(FilterChainProxy.java:346)
	at org.springframework.security.web.session.SessionManagementFilter.doFilter(SessionManagementFilter.java:126)
	at org.springframework.security.web.session.SessionManagementFilter.doFilter(SessionManagementFilter.java:81)
	at org.springframework.security.web.FilterChainProxy$VirtualFilterChain.doFilter(FilterChainProxy.java:346)
	at org.springframework.security.web.authentication.AnonymousAuthenticationFilter.doFilter(AnonymousAuthenticationFilter.java:109)
	at org.springframework.security.web.FilterChainProxy$VirtualFilterChain.doFilter(FilterChainProxy.java:346)
	at org.springframework.security.web.servletapi.SecurityContextHolderAwareRequestFilter.doFilter(SecurityContextHolderAwareRequestFilter.java:149)
	at org.springframework.security.web.FilterChainProxy$VirtualFilterChain.doFilter(FilterChainProxy.java:346)
	at org.springframework.security.web.savedrequest.RequestCacheAwareFilter.doFilter(RequestCacheAwareFilter.java:63)
	at org.springframework.security.web.FilterChainProxy$VirtualFilterChain.doFilter(FilterChainProxy.java:346)
	at com.networkmonitor.secure_network_monitor.security.JwtTokenFilter.doFilterInternal(JwtTokenFilter.java:33)
	at org.springframework.web.filter.OncePerRequestFilter.doFilter(OncePerRequestFilter.java:117)
	at org.springframework.security.web.FilterChainProxy$VirtualFilterChain.doFilter(FilterChainProxy.java:346)
	at org.springframework.security.web.authentication.logout.LogoutFilter.doFilter(LogoutFilter.java:103)
	at org.springframework.security.web.authentication.logout.LogoutFilter.doFilter(LogoutFilter.java:89)
	at org.springframework.security.web.FilterChainProxy$VirtualFilterChain.doFilter(FilterChainProxy.java:346)
	at org.springframework.security.web.header.HeaderWriterFilter.doHeadersAfter(HeaderWriterFilter.java:90)
	at org.springframework.security.web.header.HeaderWriterFilter.doFilterInternal(HeaderWriterFilter.java:75)
	at org.springframework.web.filter.OncePerRequestFilter.doFilter(OncePerRequestFilter.java:117)
	at org.springframework.security.web.FilterChainProxy$VirtualFilterChain.doFilter(FilterChainProxy.java:346)
	at org.springframework.security.web.context.SecurityContextPersistenceFilter.doFilter(SecurityContextPersistenceFilter.java:112)
	at org.springframework.security.web.context.SecurityContextPersistenceFilter.doFilter(SecurityContextPersistenceFilter.java:82)
	at org.springframework.security.web.FilterChainProxy$VirtualFilterChain.doFilter(FilterChainProxy.java:346)
	at org.springframework.security.web.context.request.async.WebAsyncManagerIntegrationFilter.doFilterInternal(WebAsyncManagerIntegrationFilter.java:55)
	at org.springframework.web.filter.OncePerRequestFilter.doFilter(OncePerRequestFilter.java:117)
	at org.springframework.security.web.FilterChainProxy$VirtualFilterChain.doFilter(FilterChainProxy.java:346)
	at org.springframework.security.web.session.DisableEncodeUrlFilter.doFilterInternal(DisableEncodeUrlFilter.java:42)
	at org.springframework.web.filter.OncePerRequestFilter.doFilter(OncePerRequestFilter.java:117)
	at org.springframework.security.web.FilterChainProxy$VirtualFilterChain.doFilter(FilterChainProxy.java:346)
	at org.springframework.security.web.FilterChainProxy.doFilterInternal(FilterChainProxy.java:221)
	at org.springframework.security.web.FilterChainProxy.doFilter(FilterChainProxy.java:186)
	at org.springframework.web.filter.DelegatingFilterProxy.invokeDelegate(DelegatingFilterProxy.java:354)
	at org.springframework.web.filter.DelegatingFilterProxy.doFilter(DelegatingFilterProxy.java:267)
	at org.apache.catalina.core.ApplicationFilterChain.internalDoFilter(ApplicationFilterChain.java:178)
	at org.apache.catalina.core.ApplicationFilterChain.doFilter(ApplicationFilterChain.java:153)
	at org.springframework.web.filter.RequestContextFilter.doFilterInternal(RequestContextFilter.java:100)
	at org.springframework.web.filter.OncePerRequestFilter.doFilter(OncePerRequestFilter.java:117)
	at org.apache.catalina.core.ApplicationFilterChain.internalDoFilter(ApplicationFilterChain.java:178)
	at org.apache.catalina.core.ApplicationFilterChain.doFilter(ApplicationFilterChain.java:153)
	at org.springframework.web.filter.FormContentFilter.doFilterInternal(FormContentFilter.java:93)
	at org.springframework.web.filter.OncePerRequestFilter.doFilter(OncePerRequestFilter.java:117)
	at org.apache.catalina.core.ApplicationFilterChain.internalDoFilter(ApplicationFilterChain.java:178)
	at org.apache.catalina.core.ApplicationFilterChain.doFilter(ApplicationFilterChain.java:153)
	at org.springframework.web.filter.CharacterEncodingFilter.doFilterInternal(CharacterEncodingFilter.java:201)
	at org.springframework.web.filter.OncePerRequestFilter.doFilter(OncePerRequestFilter.java:117)
	at org.apache.catalina.core.ApplicationFilterChain.internalDoFilter(ApplicationFilterChain.java:178)
	at org.apache.catalina.core.ApplicationFilterChain.doFilter(ApplicationFilterChain.java:153)
	at org.apache.catalina.core.StandardWrapperValve.invoke(StandardWrapperValve.java:168)
	at org.apache.catalina.core.StandardContextValve.invoke(StandardContextValve.java:90)
	at org.apache.catalina.authenticator.AuthenticatorBase.invoke(AuthenticatorBase.java:481)
	at org.apache.catalina.core.StandardHostValve.invoke(StandardHostValve.java:130)
	at org.apache.catalina.valves.ErrorReportValve.invoke(ErrorReportValve.java:93)
	at org.apache.catalina.core.StandardEngineValve.invoke(StandardEngineValve.java:74)
	at org.apache.catalina.connector.CoyoteAdapter.service(CoyoteAdapter.java:342)
	at org.apache.coyote.http11.Http11Processor.service(Http11Processor.java:390)
	at org.apache.coyote.AbstractProcessorLight.process(AbstractProcessorLight.java:63)
	at org.apache.coyote.AbstractProtocol$ConnectionHandler.process(AbstractProtocol.java:928)
	at org.apache.tomcat.util.net.NioEndpoint$SocketProcessor.doRun(NioEndpoint.java:1794)
	at org.apache.tomcat.util.net.SocketProcessorBase.run(SocketProcessorBase.java:52)
	at org.apache.tomcat.util.threads.ThreadPoolExecutor.runWorker(ThreadPoolExecutor.java:1191)
	at org.apache.tomcat.util.threads.ThreadPoolExecutor$Worker.run(ThreadPoolExecutor.java:659)
	at org.apache.tomcat.util.threads.TaskThread$WrappingRunnable.run(TaskThread.java:61)
	at java.base/java.lang.Thread.run(Thread.java:1447)
2025-10-30 17:05:52 - org.hibernate.SQL - 
    select
        networkpac0_.id as id1_0_,
        networkpac0_.created_at as created_2_0_,
        networkpac0_.destination_ip as destinat3_0_,
        networkpac0_.encrypted_data as encrypte4_0_,
        networkpac0_.packet_length as packet_l5_0_,
        networkpac0_.packet_protocol as packet_p6_0_,
        networkpac0_.raw_packet_data as raw_pack7_0_,
        networkpac0_.source_ip as source_i8_0_,
        networkpac0_.packet_timestamp as packet_t9_0_ 
    from
        network_packets networkpac0_ 
    order by
        networkpac0_.packet_timestamp desc limit ?
2025-10-30 17:05:52 - o.h.e.jdbc.spi.SqlExceptionHelper - SQL Error: 42104, SQLState: 42S04
2025-10-30 17:05:52 - o.h.e.jdbc.spi.SqlExceptionHelper - Table "NETWORK_PACKETS" not found (this database is empty); SQL statement:
select networkpac0_.id as id1_0_, networkpac0_.created_at as created_2_0_, networkpac0_.destination_ip as destinat3_0_, networkpac0_.encrypted_data as encrypte4_0_, networkpac0_.packet_length as packet_l5_0_, networkpac0_.packet_protocol as packet_p6_0_, networkpac0_.raw_packet_data as raw_pack7_0_, networkpac0_.source_ip as source_i8_0_, networkpac0_.packet_timestamp as packet_t9_0_ from network_packets networkpac0_ order by networkpac0_.packet_timestamp desc limit ? [42104-214]
2025-10-30 17:05:52 - o.a.c.c.C.[.[.[.[dispatcherServlet] - Servlet.service() for servlet [dispatcherServlet] in context with path [] threw exception [Request processing failed; nested exception is org.springframework.dao.InvalidDataAccessResourceUsageException: could not prepare statement; SQL [select networkpac0_.id as id1_0_, networkpac0_.created_at as created_2_0_, networkpac0_.destination_ip as destinat3_0_, networkpac0_.encrypted_data as encrypte4_0_, networkpac0_.packet_length as packet_l5_0_, networkpac0_.packet_protocol as packet_p6_0_, networkpac0_.raw_packet_data as raw_pack7_0_, networkpac0_.source_ip as source_i8_0_, networkpac0_.packet_timestamp as packet_t9_0_ from network_packets networkpac0_ order by networkpac0_.packet_timestamp desc limit ?]; nested exception is org.hibernate.exception.SQLGrammarException: could not prepare statement] with root cause
org.h2.jdbc.JdbcSQLSyntaxErrorException: Table "NETWORK_PACKETS" not found (this database is empty); SQL statement:
select networkpac0_.id as id1_0_, networkpac0_.created_at as created_2_0_, networkpac0_.destination_ip as destinat3_0_, networkpac0_.encrypted_data as encrypte4_0_, networkpac0_.packet_length as packet_l5_0_, networkpac0_.packet_protocol as packet_p6_0_, networkpac0_.raw_packet_data as raw_pack7_0_, networkpac0_.source_ip as source_i8_0_, networkpac0_.packet_timestamp as packet_t9_0_ from network_packets networkpac0_ order by networkpac0_.packet_timestamp desc limit ? [42104-214]
	at org.h2.message.DbException.getJdbcSQLException(DbException.java:502)
	at org.h2.message.DbException.getJdbcSQLException(DbException.java:477)
	at org.h2.message.DbException.get(DbException.java:223)
	at org.h2.message.DbException.get(DbException.java:199)
	at org.h2.command.Parser.getTableOrViewNotFoundDbException(Parser.java:8385)
	at org.h2.command.Parser.getTableOrViewNotFoundDbException(Parser.java:8369)
	at org.h2.command.Parser.readTableOrView(Parser.java:8358)
	at org.h2.command.Parser.readTablePrimary(Parser.java:1863)
	at org.h2.command.Parser.readTableReference(Parser.java:2334)
	at org.h2.command.Parser.parseSelectFromPart(Parser.java:2772)
	at org.h2.command.Parser.parseSelect(Parser.java:2878)
	at org.h2.command.Parser.parseQueryPrimary(Parser.java:2762)
	at org.h2.command.Parser.parseQueryTerm(Parser.java:2633)
	at org.h2.command.Parser.parseQueryExpressionBody(Parser.java:2612)
	at org.h2.command.Parser.parseQueryExpressionBodyAndEndOfQuery(Parser.java:2605)
	at org.h2.command.Parser.parseQueryExpression(Parser.java:2598)
	at org.h2.command.Parser.parseQuery(Parser.java:2567)
	at org.h2.command.Parser.parsePrepared(Parser.java:724)
	at org.h2.command.Parser.parse(Parser.java:689)
	at org.h2.command.Parser.parse(Parser.java:661)
	at org.h2.command.Parser.prepareCommand(Parser.java:569)
	at org.h2.engine.SessionLocal.prepareLocal(SessionLocal.java:631)
	at org.h2.engine.SessionLocal.prepareCommand(SessionLocal.java:554)
	at org.h2.jdbc.JdbcConnection.prepareCommand(JdbcConnection.java:1116)
	at org.h2.jdbc.JdbcPreparedStatement.<init>(JdbcPreparedStatement.java:92)
	at org.h2.jdbc.JdbcConnection.prepareStatement(JdbcConnection.java:288)
	at com.zaxxer.hikari.pool.ProxyConnection.prepareStatement(ProxyConnection.java:337)
	at com.zaxxer.hikari.pool.HikariProxyConnection.prepareStatement(HikariProxyConnection.java)
	at org.hibernate.engine.jdbc.internal.StatementPreparerImpl$5.doPrepare(StatementPreparerImpl.java:149)
	at org.hibernate.engine.jdbc.internal.StatementPreparerImpl$StatementPreparationTemplate.prepareStatement(StatementPreparerImpl.java:176)
	at org.hibernate.engine.jdbc.internal.StatementPreparerImpl.prepareQueryStatement(StatementPreparerImpl.java:151)
	at org.hibernate.loader.Loader.prepareQueryStatement(Loader.java:2122)
	at org.hibernate.loader.Loader.executeQueryStatement(Loader.java:2059)
	at org.hibernate.loader.Loader.executeQueryStatement(Loader.java:2037)
	at org.hibernate.loader.Loader.doQuery(Loader.java:956)
	at org.hibernate.loader.Loader.doQueryAndInitializeNonLazyCollections(Loader.java:357)
	at org.hibernate.loader.Loader.doList(Loader.java:2868)
	at org.hibernate.loader.Loader.doList(Loader.java:2850)
	at org.hibernate.loader.Loader.listIgnoreQueryCache(Loader.java:2682)
	at org.hibernate.loader.Loader.list(Loader.java:2677)
	at org.hibernate.loader.hql.QueryLoader.list(QueryLoader.java:540)
	at org.hibernate.hql.internal.ast.QueryTranslatorImpl.list(QueryTranslatorImpl.java:400)
	at org.hibernate.engine.query.spi.HQLQueryPlan.performList(HQLQueryPlan.java:218)
	at org.hibernate.internal.SessionImpl.list(SessionImpl.java:1459)
	at org.hibernate.query.internal.AbstractProducedQuery.doList(AbstractProducedQuery.java:1649)
	at org.hibernate.query.internal.AbstractProducedQuery.list(AbstractProducedQuery.java:1617)
	at org.hibernate.query.Query.getResultList(Query.java:165)
	at org.hibernate.query.criteria.internal.compile.CriteriaQueryTypeQueryAdapter.getResultList(CriteriaQueryTypeQueryAdapter.java:76)
	at org.springframework.data.jpa.repository.query.JpaQueryExecution$CollectionExecution.doExecute(JpaQueryExecution.java:128)
	at org.springframework.data.jpa.repository.query.JpaQueryExecution.execute(JpaQueryExecution.java:90)
	at org.springframework.data.jpa.repository.query.AbstractJpaQuery.doExecute(AbstractJpaQuery.java:156)
	at org.springframework.data.jpa.repository.query.AbstractJpaQuery.execute(AbstractJpaQuery.java:144)
	at org.springframework.data.repository.core.support.RepositoryMethodInvoker.doInvoke(RepositoryMethodInvoker.java:137)
	at org.springframework.data.repository.core.support.RepositoryMethodInvoker.invoke(RepositoryMethodInvoker.java:121)
	at org.springframework.data.repository.core.support.QueryExecutorMethodInterceptor.doInvoke(QueryExecutorMethodInterceptor.java:160)
	at org.springframework.data.repository.core.support.QueryExecutorMethodInterceptor.invoke(QueryExecutorMethodInterceptor.java:139)
	at org.springframework.aop.framework.ReflectiveMethodInvocation.proceed(ReflectiveMethodInvocation.java:186)
	at org.springframework.data.projection.DefaultMethodInvokingMethodInterceptor.invoke(DefaultMethodInvokingMethodInterceptor.java:76)
	at org.springframework.aop.framework.ReflectiveMethodInvocation.proceed(ReflectiveMethodInvocation.java:186)
	at org.springframework.transaction.interceptor.TransactionInterceptor$1.proceedWithInvocation(TransactionInterceptor.java:123)
	at org.springframework.transaction.interceptor.TransactionAspectSupport.invokeWithinTransaction(TransactionAspectSupport.java:388)
	at org.springframework.transaction.interceptor.TransactionInterceptor.invoke(TransactionInterceptor.java:119)
	at org.springframework.aop.framework.ReflectiveMethodInvocation.proceed(ReflectiveMethodInvocation.java:186)
	at org.springframework.dao.support.PersistenceExceptionTranslationInterceptor.invoke(PersistenceExceptionTranslationInterceptor.java:137)
	at org.springframework.aop.framework.ReflectiveMethodInvocation.proceed(ReflectiveMethodInvocation.java:186)
	at org.springframework.data.jpa.repository.support.CrudMethodMetadataPostProcessor$CrudMethodMetadataPopulatingMethodInterceptor.invoke(CrudMethodMetadataPostProcessor.java:145)
	at org.springframework.aop.framework.ReflectiveMethodInvocation.proceed(ReflectiveMethodInvocation.java:186)
	at org.springframework.aop.interceptor.ExposeInvocationInterceptor.invoke(ExposeInvocationInterceptor.java:97)
	at org.springframework.aop.framework.ReflectiveMethodInvocation.proceed(ReflectiveMethodInvocation.java:186)
	at org.springframework.aop.framework.JdkDynamicAopProxy.invoke(JdkDynamicAopProxy.java:241)
	at jdk.proxy2/jdk.proxy2.$Proxy111.findTop100ByOrderByTimestampDesc(Unknown Source)
	at com.networkmonitor.secure_network_monitor.service.DashboardService.getRecentPackets(DashboardService.java:59)
	at com.networkmonitor.secure_network_monitor.controller.NetworkMonitorController.getRecentPackets(NetworkMonitorController.java:69)
	at com.networkmonitor.secure_network_monitor.controller.NetworkMonitorController$$FastClassBySpringCGLIB$$d3f3d5e2.invoke(<generated>)
	at org.springframework.cglib.proxy.MethodProxy.invoke(MethodProxy.java:218)
	at org.springframework.aop.framework.CglibAopProxy$CglibMethodInvocation.invokeJoinpoint(CglibAopProxy.java:792)
	at org.springframework.aop.framework.ReflectiveMethodInvocation.proceed(ReflectiveMethodInvocation.java:163)
	at org.springframework.aop.framework.CglibAopProxy$CglibMethodInvocation.proceed(CglibAopProxy.java:762)
	at org.springframework.security.access.intercept.aopalliance.MethodSecurityInterceptor.invoke(MethodSecurityInterceptor.java:61)
	at org.springframework.aop.framework.ReflectiveMethodInvocation.proceed(ReflectiveMethodInvocation.java:186)
	at org.springframework.aop.framework.CglibAopProxy$CglibMethodInvocation.proceed(CglibAopProxy.java:762)
	at org.springframework.aop.framework.CglibAopProxy$DynamicAdvisedInterceptor.intercept(CglibAopProxy.java:707)
	at com.networkmonitor.secure_network_monitor.controller.NetworkMonitorController$$EnhancerBySpringCGLIB$$c1108d17.getRecentPackets(<generated>)
	at java.base/jdk.internal.reflect.DirectMethodHandleAccessor.invoke(DirectMethodHandleAccessor.java:104)
	at java.base/java.lang.reflect.Method.invoke(Method.java:565)
	at org.springframework.web.method.support.InvocableHandlerMethod.doInvoke(InvocableHandlerMethod.java:205)
	at org.springframework.web.method.support.InvocableHandlerMethod.invokeForRequest(InvocableHandlerMethod.java:150)
	at org.springframework.web.servlet.mvc.method.annotation.ServletInvocableHandlerMethod.invokeAndHandle(ServletInvocableHandlerMethod.java:117)
	at org.springframework.web.servlet.mvc.method.annotation.RequestMappingHandlerAdapter.invokeHandlerMethod(RequestMappingHandlerAdapter.java:895)
	at org.springframework.web.servlet.mvc.method.annotation.RequestMappingHandlerAdapter.handleInternal(RequestMappingHandlerAdapter.java:808)
	at org.springframework.web.servlet.mvc.method.AbstractHandlerMethodAdapter.handle(AbstractHandlerMethodAdapter.java:87)
	at org.springframework.web.servlet.DispatcherServlet.doDispatch(DispatcherServlet.java:1072)
	at org.springframework.web.servlet.DispatcherServlet.doService(DispatcherServlet.java:965)
	at org.springframework.web.servlet.FrameworkServlet.processRequest(FrameworkServlet.java:1006)
	at org.springframework.web.servlet.FrameworkServlet.doGet(FrameworkServlet.java:898)
	at javax.servlet.http.HttpServlet.service(HttpServlet.java:529)
	at org.springframework.web.servlet.FrameworkServlet.service(FrameworkServlet.java:883)
	at javax.servlet.http.HttpServlet.service(HttpServlet.java:623)
	at org.apache.catalina.core.ApplicationFilterChain.internalDoFilter(ApplicationFilterChain.java:209)
	at org.apache.catalina.core.ApplicationFilterChain.doFilter(ApplicationFilterChain.java:153)
	at org.apache.tomcat.websocket.server.WsFilter.doFilter(WsFilter.java:51)
	at org.apache.catalina.core.ApplicationFilterChain.internalDoFilter(ApplicationFilterChain.java:178)
	at org.apache.catalina.core.ApplicationFilterChain.doFilter(ApplicationFilterChain.java:153)
	at org.springframework.web.filter.OncePerRequestFilter.doFilter(OncePerRequestFilter.java:111)
	at org.apache.catalina.core.ApplicationFilterChain.internalDoFilter(ApplicationFilterChain.java:178)
	at org.apache.catalina.core.ApplicationFilterChain.doFilter(ApplicationFilterChain.java:153)
	at org.springframework.security.web.FilterChainProxy$VirtualFilterChain.doFilter(FilterChainProxy.java:337)
	at org.springframework.security.web.access.intercept.FilterSecurityInterceptor.invoke(FilterSecurityInterceptor.java:115)
	at org.springframework.security.web.access.intercept.FilterSecurityInterceptor.doFilter(FilterSecurityInterceptor.java:81)
	at org.springframework.security.web.FilterChainProxy$VirtualFilterChain.doFilter(FilterChainProxy.java:346)
	at org.springframework.security.web.access.ExceptionTranslationFilter.doFilter(ExceptionTranslationFilter.java:122)
	at org.springframework.security.web.access.ExceptionTranslationFilter.doFilter(ExceptionTranslationFilter.java:116)
	at org.springframework.security.web.FilterChainProxy$VirtualFilterChain.doFilter(FilterChainProxy.java:346)
	at org.springframework.security.web.session.SessionManagementFilter.doFilter(SessionManagementFilter.java:126)
	at org.springframework.security.web.session.SessionManagementFilter.doFilter(SessionManagementFilter.java:81)
	at org.springframework.security.web.FilterChainProxy$VirtualFilterChain.doFilter(FilterChainProxy.java:346)
	at org.springframework.security.web.authentication.AnonymousAuthenticationFilter.doFilter(AnonymousAuthenticationFilter.java:109)
	at org.springframework.security.web.FilterChainProxy$VirtualFilterChain.doFilter(FilterChainProxy.java:346)
	at org.springframework.security.web.servletapi.SecurityContextHolderAwareRequestFilter.doFilter(SecurityContextHolderAwareRequestFilter.java:149)
	at org.springframework.security.web.FilterChainProxy$VirtualFilterChain.doFilter(FilterChainProxy.java:346)
	at org.springframework.security.web.savedrequest.RequestCacheAwareFilter.doFilter(RequestCacheAwareFilter.java:63)
	at org.springframework.security.web.FilterChainProxy$VirtualFilterChain.doFilter(FilterChainProxy.java:346)
	at com.networkmonitor.secure_network_monitor.security.JwtTokenFilter.doFilterInternal(JwtTokenFilter.java:33)
	at org.springframework.web.filter.OncePerRequestFilter.doFilter(OncePerRequestFilter.java:117)
	at org.springframework.security.web.FilterChainProxy$VirtualFilterChain.doFilter(FilterChainProxy.java:346)
	at org.springframework.security.web.authentication.logout.LogoutFilter.doFilter(LogoutFilter.java:103)
	at org.springframework.security.web.authentication.logout.LogoutFilter.doFilter(LogoutFilter.java:89)
	at org.springframework.security.web.FilterChainProxy$VirtualFilterChain.doFilter(FilterChainProxy.java:346)
	at org.springframework.security.web.header.HeaderWriterFilter.doHeadersAfter(HeaderWriterFilter.java:90)
	at org.springframework.security.web.header.HeaderWriterFilter.doFilterInternal(HeaderWriterFilter.java:75)
	at org.springframework.web.filter.OncePerRequestFilter.doFilter(OncePerRequestFilter.java:117)
	at org.springframework.security.web.FilterChainProxy$VirtualFilterChain.doFilter(FilterChainProxy.java:346)
	at org.springframework.security.web.context.SecurityContextPersistenceFilter.doFilter(SecurityContextPersistenceFilter.java:112)
	at org.springframework.security.web.context.SecurityContextPersistenceFilter.doFilter(SecurityContextPersistenceFilter.java:82)
	at org.springframework.security.web.FilterChainProxy$VirtualFilterChain.doFilter(FilterChainProxy.java:346)
	at org.springframework.security.web.context.request.async.WebAsyncManagerIntegrationFilter.doFilterInternal(WebAsyncManagerIntegrationFilter.java:55)
	at org.springframework.web.filter.OncePerRequestFilter.doFilter(OncePerRequestFilter.java:117)
	at org.springframework.security.web.FilterChainProxy$VirtualFilterChain.doFilter(FilterChainProxy.java:346)
	at org.springframework.security.web.session.DisableEncodeUrlFilter.doFilterInternal(DisableEncodeUrlFilter.java:42)
	at org.springframework.web.filter.OncePerRequestFilter.doFilter(OncePerRequestFilter.java:117)
	at org.springframework.security.web.FilterChainProxy$VirtualFilterChain.doFilter(FilterChainProxy.java:346)
	at org.springframework.security.web.FilterChainProxy.doFilterInternal(FilterChainProxy.java:221)
	at org.springframework.security.web.FilterChainProxy.doFilter(FilterChainProxy.java:186)
	at org.springframework.web.filter.DelegatingFilterProxy.invokeDelegate(DelegatingFilterProxy.java:354)
	at org.springframework.web.filter.DelegatingFilterProxy.doFilter(DelegatingFilterProxy.java:267)
	at org.apache.catalina.core.ApplicationFilterChain.internalDoFilter(ApplicationFilterChain.java:178)
	at org.apache.catalina.core.ApplicationFilterChain.doFilter(ApplicationFilterChain.java:153)
	at org.springframework.web.filter.RequestContextFilter.doFilterInternal(RequestContextFilter.java:100)
	at org.springframework.web.filter.OncePerRequestFilter.doFilter(OncePerRequestFilter.java:117)
	at org.apache.catalina.core.ApplicationFilterChain.internalDoFilter(ApplicationFilterChain.java:178)
	at org.apache.catalina.core.ApplicationFilterChain.doFilter(ApplicationFilterChain.java:153)
	at org.springframework.web.filter.FormContentFilter.doFilterInternal(FormContentFilter.java:93)
	at org.springframework.web.filter.OncePerRequestFilter.doFilter(OncePerRequestFilter.java:117)
	at org.apache.catalina.core.ApplicationFilterChain.internalDoFilter(ApplicationFilterChain.java:178)
	at org.apache.catalina.core.ApplicationFilterChain.doFilter(ApplicationFilterChain.java:153)
	at org.springframework.web.filter.CharacterEncodingFilter.doFilterInternal(CharacterEncodingFilter.java:201)
	at org.springframework.web.filter.OncePerRequestFilter.doFilter(OncePerRequestFilter.java:117)
	at org.apache.catalina.core.ApplicationFilterChain.internalDoFilter(ApplicationFilterChain.java:178)
	at org.apache.catalina.core.ApplicationFilterChain.doFilter(ApplicationFilterChain.java:153)
	at org.apache.catalina.core.StandardWrapperValve.invoke(StandardWrapperValve.java:168)
	at org.apache.catalina.core.StandardContextValve.invoke(StandardContextValve.java:90)
	at org.apache.catalina.authenticator.AuthenticatorBase.invoke(AuthenticatorBase.java:481)
	at org.apache.catalina.core.StandardHostValve.invoke(StandardHostValve.java:130)
	at org.apache.catalina.valves.ErrorReportValve.invoke(ErrorReportValve.java:93)
	at org.apache.catalina.core.StandardEngineValve.invoke(StandardEngineValve.java:74)
	at org.apache.catalina.connector.CoyoteAdapter.service(CoyoteAdapter.java:342)
	at org.apache.coyote.http11.Http11Processor.service(Http11Processor.java:390)
	at org.apache.coyote.AbstractProcessorLight.process(AbstractProcessorLight.java:63)
	at org.apache.coyote.AbstractProtocol$ConnectionHandler.process(AbstractProtocol.java:928)
	at org.apache.tomcat.util.net.NioEndpoint$SocketProcessor.doRun(NioEndpoint.java:1794)
	at org.apache.tomcat.util.net.SocketProcessorBase.run(SocketProcessorBase.java:52)
	at org.apache.tomcat.util.threads.ThreadPoolExecutor.runWorker(ThreadPoolExecutor.java:1191)
	at org.apache.tomcat.util.threads.ThreadPoolExecutor$Worker.run(ThreadPoolExecutor.java:659)
	at org.apache.tomcat.util.threads.TaskThread$WrappingRunnable.run(TaskThread.java:61)
	at java.base/java.lang.Thread.run(Thread.java:1447)
2025-10-30 17:06:22 - org.hibernate.SQL - 
    select
        count(*) as col_0_0_ 
    from
        network_packets networkpac0_
2025-10-30 17:06:22 - o.h.e.jdbc.spi.SqlExceptionHelper - SQL Error: 42104, SQLState: 42S04
2025-10-30 17:06:22 - o.h.e.jdbc.spi.SqlExceptionHelper - Table "NETWORK_PACKETS" not found (this database is empty); SQL statement:
select count(*) as col_0_0_ from network_packets networkpac0_ [42104-214]
2025-10-30 17:06:22 - o.a.c.c.C.[.[.[.[dispatcherServlet] - Servlet.service() for servlet [dispatcherServlet] in context with path [] threw exception [Request processing failed; nested exception is org.springframework.dao.InvalidDataAccessResourceUsageException: could not prepare statement; SQL [select count(*) as col_0_0_ from network_packets networkpac0_]; nested exception is org.hibernate.exception.SQLGrammarException: could not prepare statement] with root cause
org.h2.jdbc.JdbcSQLSyntaxErrorException: Table "NETWORK_PACKETS" not found (this database is empty); SQL statement:
select count(*) as col_0_0_ from network_packets networkpac0_ [42104-214]
	at org.h2.message.DbException.getJdbcSQLException(DbException.java:502)
	at org.h2.message.DbException.getJdbcSQLException(DbException.java:477)
	at org.h2.message.DbException.get(DbException.java:223)
	at org.h2.message.DbException.get(DbException.java:199)
	at org.h2.command.Parser.getTableOrViewNotFoundDbException(Parser.java:8385)
	at org.h2.command.Parser.getTableOrViewNotFoundDbException(Parser.java:8369)
	at org.h2.command.Parser.readTableOrView(Parser.java:8358)
	at org.h2.command.Parser.readTablePrimary(Parser.java:1863)
	at org.h2.command.Parser.readTableReference(Parser.java:2334)
	at org.h2.command.Parser.parseSelectFromPart(Parser.java:2772)
	at org.h2.command.Parser.parseSelect(Parser.java:2878)
	at org.h2.command.Parser.parseQueryPrimary(Parser.java:2762)
	at org.h2.command.Parser.parseQueryTerm(Parser.java:2633)
	at org.h2.command.Parser.parseQueryExpressionBody(Parser.java:2612)
	at org.h2.command.Parser.parseQueryExpressionBodyAndEndOfQuery(Parser.java:2605)
	at org.h2.command.Parser.parseQueryExpression(Parser.java:2598)
	at org.h2.command.Parser.parseQuery(Parser.java:2567)
	at org.h2.command.Parser.parsePrepared(Parser.java:724)
	at org.h2.command.Parser.parse(Parser.java:689)
	at org.h2.command.Parser.parse(Parser.java:661)
	at org.h2.command.Parser.prepareCommand(Parser.java:569)
	at org.h2.engine.SessionLocal.prepareLocal(SessionLocal.java:631)
	at org.h2.engine.SessionLocal.prepareCommand(SessionLocal.java:554)
	at org.h2.jdbc.JdbcConnection.prepareCommand(JdbcConnection.java:1116)
	at org.h2.jdbc.JdbcPreparedStatement.<init>(JdbcPreparedStatement.java:92)
	at org.h2.jdbc.JdbcConnection.prepareStatement(JdbcConnection.java:288)
	at com.zaxxer.hikari.pool.ProxyConnection.prepareStatement(ProxyConnection.java:337)
	at com.zaxxer.hikari.pool.HikariProxyConnection.prepareStatement(HikariProxyConnection.java)
	at org.hibernate.engine.jdbc.internal.StatementPreparerImpl$5.doPrepare(StatementPreparerImpl.java:149)
	at org.hibernate.engine.jdbc.internal.StatementPreparerImpl$StatementPreparationTemplate.prepareStatement(StatementPreparerImpl.java:176)
	at org.hibernate.engine.jdbc.internal.StatementPreparerImpl.prepareQueryStatement(StatementPreparerImpl.java:151)
	at org.hibernate.loader.Loader.prepareQueryStatement(Loader.java:2122)
	at org.hibernate.loader.Loader.executeQueryStatement(Loader.java:2059)
	at org.hibernate.loader.Loader.executeQueryStatement(Loader.java:2037)
	at org.hibernate.loader.Loader.doQuery(Loader.java:956)
	at org.hibernate.loader.Loader.doQueryAndInitializeNonLazyCollections(Loader.java:357)
	at org.hibernate.loader.Loader.doList(Loader.java:2868)
	at org.hibernate.loader.Loader.doList(Loader.java:2850)
	at org.hibernate.loader.Loader.listIgnoreQueryCache(Loader.java:2682)
	at org.hibernate.loader.Loader.list(Loader.java:2677)
	at org.hibernate.loader.hql.QueryLoader.list(QueryLoader.java:540)
	at org.hibernate.hql.internal.ast.QueryTranslatorImpl.list(QueryTranslatorImpl.java:400)
	at org.hibernate.engine.query.spi.HQLQueryPlan.performList(HQLQueryPlan.java:218)
	at org.hibernate.internal.SessionImpl.list(SessionImpl.java:1459)
	at org.hibernate.query.internal.AbstractProducedQuery.doList(AbstractProducedQuery.java:1649)
	at org.hibernate.query.internal.AbstractProducedQuery.list(AbstractProducedQuery.java:1617)
	at org.hibernate.query.internal.AbstractProducedQuery.getSingleResult(AbstractProducedQuery.java:1665)
	at org.springframework.data.jpa.repository.support.SimpleJpaRepository.count(SimpleJpaRepository.java:643)
	at java.base/jdk.internal.reflect.DirectMethodHandleAccessor.invoke(DirectMethodHandleAccessor.java:104)
	at java.base/java.lang.reflect.Method.invoke(Method.java:565)
	at org.springframework.data.repository.core.support.RepositoryMethodInvoker$RepositoryFragmentMethodInvoker.lambda$new$0(RepositoryMethodInvoker.java:289)
	at org.springframework.data.repository.core.support.RepositoryMethodInvoker.doInvoke(RepositoryMethodInvoker.java:137)
	at org.springframework.data.repository.core.support.RepositoryMethodInvoker.invoke(RepositoryMethodInvoker.java:121)
	at org.springframework.data.repository.core.support.RepositoryComposition$RepositoryFragments.invoke(RepositoryComposition.java:530)
	at org.springframework.data.repository.core.support.RepositoryComposition.invoke(RepositoryComposition.java:286)
	at org.springframework.data.repository.core.support.RepositoryFactorySupport$ImplementationMethodExecutionInterceptor.invoke(RepositoryFactorySupport.java:640)
	at org.springframework.aop.framework.ReflectiveMethodInvocation.proceed(ReflectiveMethodInvocation.java:186)
	at org.springframework.data.repository.core.support.QueryExecutorMethodInterceptor.doInvoke(QueryExecutorMethodInterceptor.java:164)
	at org.springframework.data.repository.core.support.QueryExecutorMethodInterceptor.invoke(QueryExecutorMethodInterceptor.java:139)
	at org.springframework.aop.framework.ReflectiveMethodInvocation.proceed(ReflectiveMethodInvocation.java:186)
	at org.springframework.data.projection.DefaultMethodInvokingMethodInterceptor.invoke(DefaultMethodInvokingMethodInterceptor.java:76)
	at org.springframework.aop.framework.ReflectiveMethodInvocation.proceed(ReflectiveMethodInvocation.java:186)
	at org.springframework.transaction.interceptor.TransactionInterceptor$1.proceedWithInvocation(TransactionInterceptor.java:123)
	at org.springframework.transaction.interceptor.TransactionAspectSupport.invokeWithinTransaction(TransactionAspectSupport.java:388)
	at org.springframework.transaction.interceptor.TransactionInterceptor.invoke(TransactionInterceptor.java:119)
	at org.springframework.aop.framework.ReflectiveMethodInvocation.proceed(ReflectiveMethodInvocation.java:186)
	at org.springframework.dao.support.PersistenceExceptionTranslationInterceptor.invoke(PersistenceExceptionTranslationInterceptor.java:137)
	at org.springframework.aop.framework.ReflectiveMethodInvocation.proceed(ReflectiveMethodInvocation.java:186)
	at org.springframework.data.jpa.repository.support.CrudMethodMetadataPostProcessor$CrudMethodMetadataPopulatingMethodInterceptor.invoke(CrudMethodMetadataPostProcessor.java:174)
	at org.springframework.aop.framework.ReflectiveMethodInvocation.proceed(ReflectiveMethodInvocation.java:186)
	at org.springframework.aop.interceptor.ExposeInvocationInterceptor.invoke(ExposeInvocationInterceptor.java:97)
	at org.springframework.aop.framework.ReflectiveMethodInvocation.proceed(ReflectiveMethodInvocation.java:186)
	at org.springframework.aop.framework.JdkDynamicAopProxy.invoke(JdkDynamicAopProxy.java:241)
	at jdk.proxy2/jdk.proxy2.$Proxy111.count(Unknown Source)
	at com.networkmonitor.secure_network_monitor.service.DashboardService.getDashboardStatistics(DashboardService.java:22)
	at com.networkmonitor.secure_network_monitor.controller.NetworkMonitorController.getDashboardStats(NetworkMonitorController.java:62)
	at com.networkmonitor.secure_network_monitor.controller.NetworkMonitorController$$FastClassBySpringCGLIB$$d3f3d5e2.invoke(<generated>)
	at org.springframework.cglib.proxy.MethodProxy.invoke(MethodProxy.java:218)
	at org.springframework.aop.framework.CglibAopProxy$CglibMethodInvocation.invokeJoinpoint(CglibAopProxy.java:792)
	at org.springframework.aop.framework.ReflectiveMethodInvocation.proceed(ReflectiveMethodInvocation.java:163)
	at org.springframework.aop.framework.CglibAopProxy$CglibMethodInvocation.proceed(CglibAopProxy.java:762)
	at org.springframework.security.access.intercept.aopalliance.MethodSecurityInterceptor.invoke(MethodSecurityInterceptor.java:61)
	at org.springframework.aop.framework.ReflectiveMethodInvocation.proceed(ReflectiveMethodInvocation.java:186)
	at org.springframework.aop.framework.CglibAopProxy$CglibMethodInvocation.proceed(CglibAopProxy.java:762)
	at org.springframework.aop.framework.CglibAopProxy$DynamicAdvisedInterceptor.intercept(CglibAopProxy.java:707)
	at com.networkmonitor.secure_network_monitor.controller.NetworkMonitorController$$EnhancerBySpringCGLIB$$c1108d17.getDashboardStats(<generated>)
	at java.base/jdk.internal.reflect.DirectMethodHandleAccessor.invoke(DirectMethodHandleAccessor.java:104)
	at java.base/java.lang.reflect.Method.invoke(Method.java:565)
	at org.springframework.web.method.support.InvocableHandlerMethod.doInvoke(InvocableHandlerMethod.java:205)
	at org.springframework.web.method.support.InvocableHandlerMethod.invokeForRequest(InvocableHandlerMethod.java:150)
	at org.springframework.web.servlet.mvc.method.annotation.ServletInvocableHandlerMethod.invokeAndHandle(ServletInvocableHandlerMethod.java:117)
	at org.springframework.web.servlet.mvc.method.annotation.RequestMappingHandlerAdapter.invokeHandlerMethod(RequestMappingHandlerAdapter.java:895)
	at org.springframework.web.servlet.mvc.method.annotation.RequestMappingHandlerAdapter.handleInternal(RequestMappingHandlerAdapter.java:808)
	at org.springframework.web.servlet.mvc.method.AbstractHandlerMethodAdapter.handle(AbstractHandlerMethodAdapter.java:87)
	at org.springframework.web.servlet.DispatcherServlet.doDispatch(DispatcherServlet.java:1072)
	at org.springframework.web.servlet.DispatcherServlet.doService(DispatcherServlet.java:965)
	at org.springframework.web.servlet.FrameworkServlet.processRequest(FrameworkServlet.java:1006)
	at org.springframework.web.servlet.FrameworkServlet.doGet(FrameworkServlet.java:898)
	at javax.servlet.http.HttpServlet.service(HttpServlet.java:529)
	at org.springframework.web.servlet.FrameworkServlet.service(FrameworkServlet.java:883)
	at javax.servlet.http.HttpServlet.service(HttpServlet.java:623)
	at org.apache.catalina.core.ApplicationFilterChain.internalDoFilter(ApplicationFilterChain.java:209)
	at org.apache.catalina.core.ApplicationFilterChain.doFilter(ApplicationFilterChain.java:153)
	at org.apache.tomcat.websocket.server.WsFilter.doFilter(WsFilter.java:51)
	at org.apache.catalina.core.ApplicationFilterChain.internalDoFilter(ApplicationFilterChain.java:178)
	at org.apache.catalina.core.ApplicationFilterChain.doFilter(ApplicationFilterChain.java:153)
	at org.springframework.web.filter.OncePerRequestFilter.doFilter(OncePerRequestFilter.java:111)
	at org.apache.catalina.core.ApplicationFilterChain.internalDoFilter(ApplicationFilterChain.java:178)
	at org.apache.catalina.core.ApplicationFilterChain.doFilter(ApplicationFilterChain.java:153)
	at org.springframework.security.web.FilterChainProxy$VirtualFilterChain.doFilter(FilterChainProxy.java:337)
	at org.springframework.security.web.access.intercept.FilterSecurityInterceptor.invoke(FilterSecurityInterceptor.java:115)
	at org.springframework.security.web.access.intercept.FilterSecurityInterceptor.doFilter(FilterSecurityInterceptor.java:81)
	at org.springframework.security.web.FilterChainProxy$VirtualFilterChain.doFilter(FilterChainProxy.java:346)
	at org.springframework.security.web.access.ExceptionTranslationFilter.doFilter(ExceptionTranslationFilter.java:122)
	at org.springframework.security.web.access.ExceptionTranslationFilter.doFilter(ExceptionTranslationFilter.java:116)
	at org.springframework.security.web.FilterChainProxy$VirtualFilterChain.doFilter(FilterChainProxy.java:346)
	at org.springframework.security.web.session.SessionManagementFilter.doFilter(SessionManagementFilter.java:126)
	at org.springframework.security.web.session.SessionManagementFilter.doFilter(SessionManagementFilter.java:81)
	at org.springframework.security.web.FilterChainProxy$VirtualFilterChain.doFilter(FilterChainProxy.java:346)
	at org.springframework.security.web.authentication.AnonymousAuthenticationFilter.doFilter(AnonymousAuthenticationFilter.java:109)
	at org.springframework.security.web.FilterChainProxy$VirtualFilterChain.doFilter(FilterChainProxy.java:346)
	at org.springframework.security.web.servletapi.SecurityContextHolderAwareRequestFilter.doFilter(SecurityContextHolderAwareRequestFilter.java:149)
	at org.springframework.security.web.FilterChainProxy$VirtualFilterChain.doFilter(FilterChainProxy.java:346)
	at org.springframework.security.web.savedrequest.RequestCacheAwareFilter.doFilter(RequestCacheAwareFilter.java:63)
	at org.springframework.security.web.FilterChainProxy$VirtualFilterChain.doFilter(FilterChainProxy.java:346)
	at com.networkmonitor.secure_network_monitor.security.JwtTokenFilter.doFilterInternal(JwtTokenFilter.java:33)
	at org.springframework.web.filter.OncePerRequestFilter.doFilter(OncePerRequestFilter.java:117)
	at org.springframework.security.web.FilterChainProxy$VirtualFilterChain.doFilter(FilterChainProxy.java:346)
	at org.springframework.security.web.authentication.logout.LogoutFilter.doFilter(LogoutFilter.java:103)
	at org.springframework.security.web.authentication.logout.LogoutFilter.doFilter(LogoutFilter.java:89)
	at org.springframework.security.web.FilterChainProxy$VirtualFilterChain.doFilter(FilterChainProxy.java:346)
	at org.springframework.security.web.header.HeaderWriterFilter.doHeadersAfter(HeaderWriterFilter.java:90)
	at org.springframework.security.web.header.HeaderWriterFilter.doFilterInternal(HeaderWriterFilter.java:75)
	at org.springframework.web.filter.OncePerRequestFilter.doFilter(OncePerRequestFilter.java:117)
	at org.springframework.security.web.FilterChainProxy$VirtualFilterChain.doFilter(FilterChainProxy.java:346)
	at org.springframework.security.web.context.SecurityContextPersistenceFilter.doFilter(SecurityContextPersistenceFilter.java:112)
	at org.springframework.security.web.context.SecurityContextPersistenceFilter.doFilter(SecurityContextPersistenceFilter.java:82)
	at org.springframework.security.web.FilterChainProxy$VirtualFilterChain.doFilter(FilterChainProxy.java:346)
	at org.springframework.security.web.context.request.async.WebAsyncManagerIntegrationFilter.doFilterInternal(WebAsyncManagerIntegrationFilter.java:55)
	at org.springframework.web.filter.OncePerRequestFilter.doFilter(OncePerRequestFilter.java:117)
	at org.springframework.security.web.FilterChainProxy$VirtualFilterChain.doFilter(FilterChainProxy.java:346)
	at org.springframework.security.web.session.DisableEncodeUrlFilter.doFilterInternal(DisableEncodeUrlFilter.java:42)
	at org.springframework.web.filter.OncePerRequestFilter.doFilter(OncePerRequestFilter.java:117)
	at org.springframework.security.web.FilterChainProxy$VirtualFilterChain.doFilter(FilterChainProxy.java:346)
	at org.springframework.security.web.FilterChainProxy.doFilterInternal(FilterChainProxy.java:221)
	at org.springframework.security.web.FilterChainProxy.doFilter(FilterChainProxy.java:186)
	at org.springframework.web.filter.DelegatingFilterProxy.invokeDelegate(DelegatingFilterProxy.java:354)
	at org.springframework.web.filter.DelegatingFilterProxy.doFilter(DelegatingFilterProxy.java:267)
	at org.apache.catalina.core.ApplicationFilterChain.internalDoFilter(ApplicationFilterChain.java:178)
	at org.apache.catalina.core.ApplicationFilterChain.doFilter(ApplicationFilterChain.java:153)
	at org.springframework.web.filter.RequestContextFilter.doFilterInternal(RequestContextFilter.java:100)
	at org.springframework.web.filter.OncePerRequestFilter.doFilter(OncePerRequestFilter.java:117)
	at org.apache.catalina.core.ApplicationFilterChain.internalDoFilter(ApplicationFilterChain.java:178)
	at org.apache.catalina.core.ApplicationFilterChain.doFilter(ApplicationFilterChain.java:153)
	at org.springframework.web.filter.FormContentFilter.doFilterInternal(FormContentFilter.java:93)
	at org.springframework.web.filter.OncePerRequestFilter.doFilter(OncePerRequestFilter.java:117)
	at org.apache.catalina.core.ApplicationFilterChain.internalDoFilter(ApplicationFilterChain.java:178)
	at org.apache.catalina.core.ApplicationFilterChain.doFilter(ApplicationFilterChain.java:153)
	at org.springframework.web.filter.CharacterEncodingFilter.doFilterInternal(CharacterEncodingFilter.java:201)
	at org.springframework.web.filter.OncePerRequestFilter.doFilter(OncePerRequestFilter.java:117)
	at org.apache.catalina.core.ApplicationFilterChain.internalDoFilter(ApplicationFilterChain.java:178)
	at org.apache.catalina.core.ApplicationFilterChain.doFilter(ApplicationFilterChain.java:153)
	at org.apache.catalina.core.StandardWrapperValve.invoke(StandardWrapperValve.java:168)
	at org.apache.catalina.core.StandardContextValve.invoke(StandardContextValve.java:90)
	at org.apache.catalina.authenticator.AuthenticatorBase.invoke(AuthenticatorBase.java:481)
	at org.apache.catalina.core.StandardHostValve.invoke(StandardHostValve.java:130)
	at org.apache.catalina.valves.ErrorReportValve.invoke(ErrorReportValve.java:93)
	at org.apache.catalina.core.StandardEngineValve.invoke(StandardEngineValve.java:74)
	at org.apache.catalina.connector.CoyoteAdapter.service(CoyoteAdapter.java:342)
	at org.apache.coyote.http11.Http11Processor.service(Http11Processor.java:390)
	at org.apache.coyote.AbstractProcessorLight.process(AbstractProcessorLight.java:63)
	at org.apache.coyote.AbstractProtocol$ConnectionHandler.process(AbstractProtocol.java:928)
	at org.apache.tomcat.util.net.NioEndpoint$SocketProcessor.doRun(NioEndpoint.java:1794)
	at org.apache.tomcat.util.net.SocketProcessorBase.run(SocketProcessorBase.java:52)
	at org.apache.tomcat.util.threads.ThreadPoolExecutor.runWorker(ThreadPoolExecutor.java:1191)
	at org.apache.tomcat.util.threads.ThreadPoolExecutor$Worker.run(ThreadPoolExecutor.java:659)
	at org.apache.tomcat.util.threads.TaskThread$WrappingRunnable.run(TaskThread.java:61)
	at java.base/java.lang.Thread.run(Thread.java:1447)
2025-10-30 17:06:22 - org.hibernate.SQL - 
    select
        networkpac0_.id as id1_0_,
        networkpac0_.created_at as created_2_0_,
        networkpac0_.destination_ip as destinat3_0_,
        networkpac0_.encrypted_data as encrypte4_0_,
        networkpac0_.packet_length as packet_l5_0_,
        networkpac0_.packet_protocol as packet_p6_0_,
        networkpac0_.raw_packet_data as raw_pack7_0_,
        networkpac0_.source_ip as source_i8_0_,
        networkpac0_.packet_timestamp as packet_t9_0_ 
    from
        network_packets networkpac0_ 
    order by
        networkpac0_.packet_timestamp desc limit ?
2025-10-30 17:06:22 - o.h.e.jdbc.spi.SqlExceptionHelper - SQL Error: 42104, SQLState: 42S04
2025-10-30 17:06:22 - o.h.e.jdbc.spi.SqlExceptionHelper - Table "NETWORK_PACKETS" not found (this database is empty); SQL statement:
select networkpac0_.id as id1_0_, networkpac0_.created_at as created_2_0_, networkpac0_.destination_ip as destinat3_0_, networkpac0_.encrypted_data as encrypte4_0_, networkpac0_.packet_length as packet_l5_0_, networkpac0_.packet_protocol as packet_p6_0_, networkpac0_.raw_packet_data as raw_pack7_0_, networkpac0_.source_ip as source_i8_0_, networkpac0_.packet_timestamp as packet_t9_0_ from network_packets networkpac0_ order by networkpac0_.packet_timestamp desc limit ? [42104-214]
2025-10-30 17:06:22 - o.a.c.c.C.[.[.[.[dispatcherServlet] - Servlet.service() for servlet [dispatcherServlet] in context with path [] threw exception [Request processing failed; nested exception is org.springframework.dao.InvalidDataAccessResourceUsageException: could not prepare statement; SQL [select networkpac0_.id as id1_0_, networkpac0_.created_at as created_2_0_, networkpac0_.destination_ip as destinat3_0_, networkpac0_.encrypted_data as encrypte4_0_, networkpac0_.packet_length as packet_l5_0_, networkpac0_.packet_protocol as packet_p6_0_, networkpac0_.raw_packet_data as raw_pack7_0_, networkpac0_.source_ip as source_i8_0_, networkpac0_.packet_timestamp as packet_t9_0_ from network_packets networkpac0_ order by networkpac0_.packet_timestamp desc limit ?]; nested exception is org.hibernate.exception.SQLGrammarException: could not prepare statement] with root cause
org.h2.jdbc.JdbcSQLSyntaxErrorException: Table "NETWORK_PACKETS" not found (this database is empty); SQL statement:
select networkpac0_.id as id1_0_, networkpac0_.created_at as created_2_0_, networkpac0_.destination_ip as destinat3_0_, networkpac0_.encrypted_data as encrypte4_0_, networkpac0_.packet_length as packet_l5_0_, networkpac0_.packet_protocol as packet_p6_0_, networkpac0_.raw_packet_data as raw_pack7_0_, networkpac0_.source_ip as source_i8_0_, networkpac0_.packet_timestamp as packet_t9_0_ from network_packets networkpac0_ order by networkpac0_.packet_timestamp desc limit ? [42104-214]
	at org.h2.message.DbException.getJdbcSQLException(DbException.java:502)
	at org.h2.message.DbException.getJdbcSQLException(DbException.java:477)
	at org.h2.message.DbException.get(DbException.java:223)
	at org.h2.message.DbException.get(DbException.java:199)
	at org.h2.command.Parser.getTableOrViewNotFoundDbException(Parser.java:8385)
	at org.h2.command.Parser.getTableOrViewNotFoundDbException(Parser.java:8369)
	at org.h2.command.Parser.readTableOrView(Parser.java:8358)
	at org.h2.command.Parser.readTablePrimary(Parser.java:1863)
	at org.h2.command.Parser.readTableReference(Parser.java:2334)
	at org.h2.command.Parser.parseSelectFromPart(Parser.java:2772)
	at org.h2.command.Parser.parseSelect(Parser.java:2878)
	at org.h2.command.Parser.parseQueryPrimary(Parser.java:2762)
	at org.h2.command.Parser.parseQueryTerm(Parser.java:2633)
	at org.h2.command.Parser.parseQueryExpressionBody(Parser.java:2612)
	at org.h2.command.Parser.parseQueryExpressionBodyAndEndOfQuery(Parser.java:2605)
	at org.h2.command.Parser.parseQueryExpression(Parser.java:2598)
	at org.h2.command.Parser.parseQuery(Parser.java:2567)
	at org.h2.command.Parser.parsePrepared(Parser.java:724)
	at org.h2.command.Parser.parse(Parser.java:689)
	at org.h2.command.Parser.parse(Parser.java:661)
	at org.h2.command.Parser.prepareCommand(Parser.java:569)
	at org.h2.engine.SessionLocal.prepareLocal(SessionLocal.java:631)
	at org.h2.engine.SessionLocal.prepareCommand(SessionLocal.java:554)
	at org.h2.jdbc.JdbcConnection.prepareCommand(JdbcConnection.java:1116)
	at org.h2.jdbc.JdbcPreparedStatement.<init>(JdbcPreparedStatement.java:92)
	at org.h2.jdbc.JdbcConnection.prepareStatement(JdbcConnection.java:288)
	at com.zaxxer.hikari.pool.ProxyConnection.prepareStatement(ProxyConnection.java:337)
	at com.zaxxer.hikari.pool.HikariProxyConnection.prepareStatement(HikariProxyConnection.java)
	at org.hibernate.engine.jdbc.internal.StatementPreparerImpl$5.doPrepare(StatementPreparerImpl.java:149)
	at org.hibernate.engine.jdbc.internal.StatementPreparerImpl$StatementPreparationTemplate.prepareStatement(StatementPreparerImpl.java:176)
	at org.hibernate.engine.jdbc.internal.StatementPreparerImpl.prepareQueryStatement(StatementPreparerImpl.java:151)
	at org.hibernate.loader.Loader.prepareQueryStatement(Loader.java:2122)
	at org.hibernate.loader.Loader.executeQueryStatement(Loader.java:2059)
	at org.hibernate.loader.Loader.executeQueryStatement(Loader.java:2037)
	at org.hibernate.loader.Loader.doQuery(Loader.java:956)
	at org.hibernate.loader.Loader.doQueryAndInitializeNonLazyCollections(Loader.java:357)
	at org.hibernate.loader.Loader.doList(Loader.java:2868)
	at org.hibernate.loader.Loader.doList(Loader.java:2850)
	at org.hibernate.loader.Loader.listIgnoreQueryCache(Loader.java:2682)
	at org.hibernate.loader.Loader.list(Loader.java:2677)
	at org.hibernate.loader.hql.QueryLoader.list(QueryLoader.java:540)
	at org.hibernate.hql.internal.ast.QueryTranslatorImpl.list(QueryTranslatorImpl.java:400)
	at org.hibernate.engine.query.spi.HQLQueryPlan.performList(HQLQueryPlan.java:218)
	at org.hibernate.internal.SessionImpl.list(SessionImpl.java:1459)
	at org.hibernate.query.internal.AbstractProducedQuery.doList(AbstractProducedQuery.java:1649)
	at org.hibernate.query.internal.AbstractProducedQuery.list(AbstractProducedQuery.java:1617)
	at org.hibernate.query.Query.getResultList(Query.java:165)
	at org.hibernate.query.criteria.internal.compile.CriteriaQueryTypeQueryAdapter.getResultList(CriteriaQueryTypeQueryAdapter.java:76)
	at org.springframework.data.jpa.repository.query.JpaQueryExecution$CollectionExecution.doExecute(JpaQueryExecution.java:128)
	at org.springframework.data.jpa.repository.query.JpaQueryExecution.execute(JpaQueryExecution.java:90)
	at org.springframework.data.jpa.repository.query.AbstractJpaQuery.doExecute(AbstractJpaQuery.java:156)
	at org.springframework.data.jpa.repository.query.AbstractJpaQuery.execute(AbstractJpaQuery.java:144)
	at org.springframework.data.repository.core.support.RepositoryMethodInvoker.doInvoke(RepositoryMethodInvoker.java:137)
	at org.springframework.data.repository.core.support.RepositoryMethodInvoker.invoke(RepositoryMethodInvoker.java:121)
	at org.springframework.data.repository.core.support.QueryExecutorMethodInterceptor.doInvoke(QueryExecutorMethodInterceptor.java:160)
	at org.springframework.data.repository.core.support.QueryExecutorMethodInterceptor.invoke(QueryExecutorMethodInterceptor.java:139)
	at org.springframework.aop.framework.ReflectiveMethodInvocation.proceed(ReflectiveMethodInvocation.java:186)
	at org.springframework.data.projection.DefaultMethodInvokingMethodInterceptor.invoke(DefaultMethodInvokingMethodInterceptor.java:76)
	at org.springframework.aop.framework.ReflectiveMethodInvocation.proceed(ReflectiveMethodInvocation.java:186)
	at org.springframework.transaction.interceptor.TransactionInterceptor$1.proceedWithInvocation(TransactionInterceptor.java:123)
	at org.springframework.transaction.interceptor.TransactionAspectSupport.invokeWithinTransaction(TransactionAspectSupport.java:388)
	at org.springframework.transaction.interceptor.TransactionInterceptor.invoke(TransactionInterceptor.java:119)
	at org.springframework.aop.framework.ReflectiveMethodInvocation.proceed(ReflectiveMethodInvocation.java:186)
	at org.springframework.dao.support.PersistenceExceptionTranslationInterceptor.invoke(PersistenceExceptionTranslationInterceptor.java:137)
	at org.springframework.aop.framework.ReflectiveMethodInvocation.proceed(ReflectiveMethodInvocation.java:186)
	at org.springframework.data.jpa.repository.support.CrudMethodMetadataPostProcessor$CrudMethodMetadataPopulatingMethodInterceptor.invoke(CrudMethodMetadataPostProcessor.java:145)
	at org.springframework.aop.framework.ReflectiveMethodInvocation.proceed(ReflectiveMethodInvocation.java:186)
	at org.springframework.aop.interceptor.ExposeInvocationInterceptor.invoke(ExposeInvocationInterceptor.java:97)
	at org.springframework.aop.framework.ReflectiveMethodInvocation.proceed(ReflectiveMethodInvocation.java:186)
	at org.springframework.aop.framework.JdkDynamicAopProxy.invoke(JdkDynamicAopProxy.java:241)
	at jdk.proxy2/jdk.proxy2.$Proxy111.findTop100ByOrderByTimestampDesc(Unknown Source)
	at com.networkmonitor.secure_network_monitor.service.DashboardService.getRecentPackets(DashboardService.java:59)
	at com.networkmonitor.secure_network_monitor.controller.NetworkMonitorController.getRecentPackets(NetworkMonitorController.java:69)
	at com.networkmonitor.secure_network_monitor.controller.NetworkMonitorController$$FastClassBySpringCGLIB$$d3f3d5e2.invoke(<generated>)
	at org.springframework.cglib.proxy.MethodProxy.invoke(MethodProxy.java:218)
	at org.springframework.aop.framework.CglibAopProxy$CglibMethodInvocation.invokeJoinpoint(CglibAopProxy.java:792)
	at org.springframework.aop.framework.ReflectiveMethodInvocation.proceed(ReflectiveMethodInvocation.java:163)
	at org.springframework.aop.framework.CglibAopProxy$CglibMethodInvocation.proceed(CglibAopProxy.java:762)
	at org.springframework.security.access.intercept.aopalliance.MethodSecurityInterceptor.invoke(MethodSecurityInterceptor.java:61)
	at org.springframework.aop.framework.ReflectiveMethodInvocation.proceed(ReflectiveMethodInvocation.java:186)
	at org.springframework.aop.framework.CglibAopProxy$CglibMethodInvocation.proceed(CglibAopProxy.java:762)
	at org.springframework.aop.framework.CglibAopProxy$DynamicAdvisedInterceptor.intercept(CglibAopProxy.java:707)
	at com.networkmonitor.secure_network_monitor.controller.NetworkMonitorController$$EnhancerBySpringCGLIB$$c1108d17.getRecentPackets(<generated>)
	at java.base/jdk.internal.reflect.DirectMethodHandleAccessor.invoke(DirectMethodHandleAccessor.java:104)
	at java.base/java.lang.reflect.Method.invoke(Method.java:565)
	at org.springframework.web.method.support.InvocableHandlerMethod.doInvoke(InvocableHandlerMethod.java:205)
	at org.springframework.web.method.support.InvocableHandlerMethod.invokeForRequest(InvocableHandlerMethod.java:150)
	at org.springframework.web.servlet.mvc.method.annotation.ServletInvocableHandlerMethod.invokeAndHandle(ServletInvocableHandlerMethod.java:117)
	at org.springframework.web.servlet.mvc.method.annotation.RequestMappingHandlerAdapter.invokeHandlerMethod(RequestMappingHandlerAdapter.java:895)
	at org.springframework.web.servlet.mvc.method.annotation.RequestMappingHandlerAdapter.handleInternal(RequestMappingHandlerAdapter.java:808)
	at org.springframework.web.servlet.mvc.method.AbstractHandlerMethodAdapter.handle(AbstractHandlerMethodAdapter.java:87)
	at org.springframework.web.servlet.DispatcherServlet.doDispatch(DispatcherServlet.java:1072)
	at org.springframework.web.servlet.DispatcherServlet.doService(DispatcherServlet.java:965)
	at org.springframework.web.servlet.FrameworkServlet.processRequest(FrameworkServlet.java:1006)
	at org.springframework.web.servlet.FrameworkServlet.doGet(FrameworkServlet.java:898)
	at javax.servlet.http.HttpServlet.service(HttpServlet.java:529)
	at org.springframework.web.servlet.FrameworkServlet.service(FrameworkServlet.java:883)
	at javax.servlet.http.HttpServlet.service(HttpServlet.java:623)
	at org.apache.catalina.core.ApplicationFilterChain.internalDoFilter(ApplicationFilterChain.java:209)
	at org.apache.catalina.core.ApplicationFilterChain.doFilter(ApplicationFilterChain.java:153)
	at org.apache.tomcat.websocket.server.WsFilter.doFilter(WsFilter.java:51)
	at org.apache.catalina.core.ApplicationFilterChain.internalDoFilter(ApplicationFilterChain.java:178)
	at org.apache.catalina.core.ApplicationFilterChain.doFilter(ApplicationFilterChain.java:153)
	at org.springframework.web.filter.OncePerRequestFilter.doFilter(OncePerRequestFilter.java:111)
	at org.apache.catalina.core.ApplicationFilterChain.internalDoFilter(ApplicationFilterChain.java:178)
	at org.apache.catalina.core.ApplicationFilterChain.doFilter(ApplicationFilterChain.java:153)
	at org.springframework.security.web.FilterChainProxy$VirtualFilterChain.doFilter(FilterChainProxy.java:337)
	at org.springframework.security.web.access.intercept.FilterSecurityInterceptor.invoke(FilterSecurityInterceptor.java:115)
	at org.springframework.security.web.access.intercept.FilterSecurityInterceptor.doFilter(FilterSecurityInterceptor.java:81)
	at org.springframework.security.web.FilterChainProxy$VirtualFilterChain.doFilter(FilterChainProxy.java:346)
	at org.springframework.security.web.access.ExceptionTranslationFilter.doFilter(ExceptionTranslationFilter.java:122)
	at org.springframework.security.web.access.ExceptionTranslationFilter.doFilter(ExceptionTranslationFilter.java:116)
	at org.springframework.security.web.FilterChainProxy$VirtualFilterChain.doFilter(FilterChainProxy.java:346)
	at org.springframework.security.web.session.SessionManagementFilter.doFilter(SessionManagementFilter.java:126)
	at org.springframework.security.web.session.SessionManagementFilter.doFilter(SessionManagementFilter.java:81)
	at org.springframework.security.web.FilterChainProxy$VirtualFilterChain.doFilter(FilterChainProxy.java:346)
	at org.springframework.security.web.authentication.AnonymousAuthenticationFilter.doFilter(AnonymousAuthenticationFilter.java:109)
	at org.springframework.security.web.FilterChainProxy$VirtualFilterChain.doFilter(FilterChainProxy.java:346)
	at org.springframework.security.web.servletapi.SecurityContextHolderAwareRequestFilter.doFilter(SecurityContextHolderAwareRequestFilter.java:149)
	at org.springframework.security.web.FilterChainProxy$VirtualFilterChain.doFilter(FilterChainProxy.java:346)
	at org.springframework.security.web.savedrequest.RequestCacheAwareFilter.doFilter(RequestCacheAwareFilter.java:63)
	at org.springframework.security.web.FilterChainProxy$VirtualFilterChain.doFilter(FilterChainProxy.java:346)
	at com.networkmonitor.secure_network_monitor.security.JwtTokenFilter.doFilterInternal(JwtTokenFilter.java:33)
	at org.springframework.web.filter.OncePerRequestFilter.doFilter(OncePerRequestFilter.java:117)
	at org.springframework.security.web.FilterChainProxy$VirtualFilterChain.doFilter(FilterChainProxy.java:346)
	at org.springframework.security.web.authentication.logout.LogoutFilter.doFilter(LogoutFilter.java:103)
	at org.springframework.security.web.authentication.logout.LogoutFilter.doFilter(LogoutFilter.java:89)
	at org.springframework.security.web.FilterChainProxy$VirtualFilterChain.doFilter(FilterChainProxy.java:346)
	at org.springframework.security.web.header.HeaderWriterFilter.doHeadersAfter(HeaderWriterFilter.java:90)
	at org.springframework.security.web.header.HeaderWriterFilter.doFilterInternal(HeaderWriterFilter.java:75)
	at org.springframework.web.filter.OncePerRequestFilter.doFilter(OncePerRequestFilter.java:117)
	at org.springframework.security.web.FilterChainProxy$VirtualFilterChain.doFilter(FilterChainProxy.java:346)
	at org.springframework.security.web.context.SecurityContextPersistenceFilter.doFilter(SecurityContextPersistenceFilter.java:112)
	at org.springframework.security.web.context.SecurityContextPersistenceFilter.doFilter(SecurityContextPersistenceFilter.java:82)
	at org.springframework.security.web.FilterChainProxy$VirtualFilterChain.doFilter(FilterChainProxy.java:346)
	at org.springframework.security.web.context.request.async.WebAsyncManagerIntegrationFilter.doFilterInternal(WebAsyncManagerIntegrationFilter.java:55)
	at org.springframework.web.filter.OncePerRequestFilter.doFilter(OncePerRequestFilter.java:117)
	at org.springframework.security.web.FilterChainProxy$VirtualFilterChain.doFilter(FilterChainProxy.java:346)
	at org.springframework.security.web.session.DisableEncodeUrlFilter.doFilterInternal(DisableEncodeUrlFilter.java:42)
	at org.springframework.web.filter.OncePerRequestFilter.doFilter(OncePerRequestFilter.java:117)
	at org.springframework.security.web.FilterChainProxy$VirtualFilterChain.doFilter(FilterChainProxy.java:346)
	at org.springframework.security.web.FilterChainProxy.doFilterInternal(FilterChainProxy.java:221)
	at org.springframework.security.web.FilterChainProxy.doFilter(FilterChainProxy.java:186)
	at org.springframework.web.filter.DelegatingFilterProxy.invokeDelegate(DelegatingFilterProxy.java:354)
	at org.springframework.web.filter.DelegatingFilterProxy.doFilter(DelegatingFilterProxy.java:267)
	at org.apache.catalina.core.ApplicationFilterChain.internalDoFilter(ApplicationFilterChain.java:178)
	at org.apache.catalina.core.ApplicationFilterChain.doFilter(ApplicationFilterChain.java:153)
	at org.springframework.web.filter.RequestContextFilter.doFilterInternal(RequestContextFilter.java:100)
	at org.springframework.web.filter.OncePerRequestFilter.doFilter(OncePerRequestFilter.java:117)
	at org.apache.catalina.core.ApplicationFilterChain.internalDoFilter(ApplicationFilterChain.java:178)
	at org.apache.catalina.core.ApplicationFilterChain.doFilter(ApplicationFilterChain.java:153)
	at org.springframework.web.filter.FormContentFilter.doFilterInternal(FormContentFilter.java:93)
	at org.springframework.web.filter.OncePerRequestFilter.doFilter(OncePerRequestFilter.java:117)
	at org.apache.catalina.core.ApplicationFilterChain.internalDoFilter(ApplicationFilterChain.java:178)
	at org.apache.catalina.core.ApplicationFilterChain.doFilter(ApplicationFilterChain.java:153)
	at org.springframework.web.filter.CharacterEncodingFilter.doFilterInternal(CharacterEncodingFilter.java:201)
	at org.springframework.web.filter.OncePerRequestFilter.doFilter(OncePerRequestFilter.java:117)
	at org.apache.catalina.core.ApplicationFilterChain.internalDoFilter(ApplicationFilterChain.java:178)
	at org.apache.catalina.core.ApplicationFilterChain.doFilter(ApplicationFilterChain.java:153)
	at org.apache.catalina.core.StandardWrapperValve.invoke(StandardWrapperValve.java:168)
	at org.apache.catalina.core.StandardContextValve.invoke(StandardContextValve.java:90)
	at org.apache.catalina.authenticator.AuthenticatorBase.invoke(AuthenticatorBase.java:481)
	at org.apache.catalina.core.StandardHostValve.invoke(StandardHostValve.java:130)
	at org.apache.catalina.valves.ErrorReportValve.invoke(ErrorReportValve.java:93)
	at org.apache.catalina.core.StandardEngineValve.invoke(StandardEngineValve.java:74)
	at org.apache.catalina.connector.CoyoteAdapter.service(CoyoteAdapter.java:342)
	at org.apache.coyote.http11.Http11Processor.service(Http11Processor.java:390)
	at org.apache.coyote.AbstractProcessorLight.process(AbstractProcessorLight.java:63)
	at org.apache.coyote.AbstractProtocol$ConnectionHandler.process(AbstractProtocol.java:928)
	at org.apache.tomcat.util.net.NioEndpoint$SocketProcessor.doRun(NioEndpoint.java:1794)
	at org.apache.tomcat.util.net.SocketProcessorBase.run(SocketProcessorBase.java:52)
	at org.apache.tomcat.util.threads.ThreadPoolExecutor.runWorker(ThreadPoolExecutor.java:1191)
	at org.apache.tomcat.util.threads.ThreadPoolExecutor$Worker.run(ThreadPoolExecutor.java:659)
	at org.apache.tomcat.util.threads.TaskThread$WrappingRunnable.run(TaskThread.java:61)
	at java.base/java.lang.Thread.run(Thread.java:1447)
2025-10-30 17:06:52 - org.hibernate.SQL - 
    select
        count(*) as col_0_0_ 
    from
        network_packets networkpac0_
2025-10-30 17:06:52 - o.h.e.jdbc.spi.SqlExceptionHelper - SQL Error: 42104, SQLState: 42S04
2025-10-30 17:06:52 - o.h.e.jdbc.spi.SqlExceptionHelper - Table "NETWORK_PACKETS" not found (this database is empty); SQL statement:
select count(*) as col_0_0_ from network_packets networkpac0_ [42104-214]
2025-10-30 17:06:52 - o.a.c.c.C.[.[.[.[dispatcherServlet] - Servlet.service() for servlet [dispatcherServlet] in context with path [] threw exception [Request processing failed; nested exception is org.springframework.dao.InvalidDataAccessResourceUsageException: could not prepare statement; SQL [select count(*) as col_0_0_ from network_packets networkpac0_]; nested exception is org.hibernate.exception.SQLGrammarException: could not prepare statement] with root cause
org.h2.jdbc.JdbcSQLSyntaxErrorException: Table "NETWORK_PACKETS" not found (this database is empty); SQL statement:
select count(*) as col_0_0_ from network_packets networkpac0_ [42104-214]
	at org.h2.message.DbException.getJdbcSQLException(DbException.java:502)
	at org.h2.message.DbException.getJdbcSQLException(DbException.java:477)
	at org.h2.message.DbException.get(DbException.java:223)
	at org.h2.message.DbException.get(DbException.java:199)
	at org.h2.command.Parser.getTableOrViewNotFoundDbException(Parser.java:8385)
	at org.h2.command.Parser.getTableOrViewNotFoundDbException(Parser.java:8369)
	at org.h2.command.Parser.readTableOrView(Parser.java:8358)
	at org.h2.command.Parser.readTablePrimary(Parser.java:1863)
	at org.h2.command.Parser.readTableReference(Parser.java:2334)
	at org.h2.command.Parser.parseSelectFromPart(Parser.java:2772)
	at org.h2.command.Parser.parseSelect(Parser.java:2878)
	at org.h2.command.Parser.parseQueryPrimary(Parser.java:2762)
	at org.h2.command.Parser.parseQueryTerm(Parser.java:2633)
	at org.h2.command.Parser.parseQueryExpressionBody(Parser.java:2612)
	at org.h2.command.Parser.parseQueryExpressionBodyAndEndOfQuery(Parser.java:2605)
	at org.h2.command.Parser.parseQueryExpression(Parser.java:2598)
	at org.h2.command.Parser.parseQuery(Parser.java:2567)
	at org.h2.command.Parser.parsePrepared(Parser.java:724)
	at org.h2.command.Parser.parse(Parser.java:689)
	at org.h2.command.Parser.parse(Parser.java:661)
	at org.h2.command.Parser.prepareCommand(Parser.java:569)
	at org.h2.engine.SessionLocal.prepareLocal(SessionLocal.java:631)
	at org.h2.engine.SessionLocal.prepareCommand(SessionLocal.java:554)
	at org.h2.jdbc.JdbcConnection.prepareCommand(JdbcConnection.java:1116)
	at org.h2.jdbc.JdbcPreparedStatement.<init>(JdbcPreparedStatement.java:92)
	at org.h2.jdbc.JdbcConnection.prepareStatement(JdbcConnection.java:288)
	at com.zaxxer.hikari.pool.ProxyConnection.prepareStatement(ProxyConnection.java:337)
	at com.zaxxer.hikari.pool.HikariProxyConnection.prepareStatement(HikariProxyConnection.java)
	at org.hibernate.engine.jdbc.internal.StatementPreparerImpl$5.doPrepare(StatementPreparerImpl.java:149)
	at org.hibernate.engine.jdbc.internal.StatementPreparerImpl$StatementPreparationTemplate.prepareStatement(StatementPreparerImpl.java:176)
	at org.hibernate.engine.jdbc.internal.StatementPreparerImpl.prepareQueryStatement(StatementPreparerImpl.java:151)
	at org.hibernate.loader.Loader.prepareQueryStatement(Loader.java:2122)
	at org.hibernate.loader.Loader.executeQueryStatement(Loader.java:2059)
	at org.hibernate.loader.Loader.executeQueryStatement(Loader.java:2037)
	at org.hibernate.loader.Loader.doQuery(Loader.java:956)
	at org.hibernate.loader.Loader.doQueryAndInitializeNonLazyCollections(Loader.java:357)
	at org.hibernate.loader.Loader.doList(Loader.java:2868)
	at org.hibernate.loader.Loader.doList(Loader.java:2850)
	at org.hibernate.loader.Loader.listIgnoreQueryCache(Loader.java:2682)
	at org.hibernate.loader.Loader.list(Loader.java:2677)
	at org.hibernate.loader.hql.QueryLoader.list(QueryLoader.java:540)
	at org.hibernate.hql.internal.ast.QueryTranslatorImpl.list(QueryTranslatorImpl.java:400)
	at org.hibernate.engine.query.spi.HQLQueryPlan.performList(HQLQueryPlan.java:218)
	at org.hibernate.internal.SessionImpl.list(SessionImpl.java:1459)
	at org.hibernate.query.internal.AbstractProducedQuery.doList(AbstractProducedQuery.java:1649)
	at org.hibernate.query.internal.AbstractProducedQuery.list(AbstractProducedQuery.java:1617)
	at org.hibernate.query.internal.AbstractProducedQuery.getSingleResult(AbstractProducedQuery.java:1665)
	at org.springframework.data.jpa.repository.support.SimpleJpaRepository.count(SimpleJpaRepository.java:643)
	at java.base/jdk.internal.reflect.DirectMethodHandleAccessor.invoke(DirectMethodHandleAccessor.java:104)
	at java.base/java.lang.reflect.Method.invoke(Method.java:565)
	at org.springframework.data.repository.core.support.RepositoryMethodInvoker$RepositoryFragmentMethodInvoker.lambda$new$0(RepositoryMethodInvoker.java:289)
	at org.springframework.data.repository.core.support.RepositoryMethodInvoker.doInvoke(RepositoryMethodInvoker.java:137)
	at org.springframework.data.repository.core.support.RepositoryMethodInvoker.invoke(RepositoryMethodInvoker.java:121)
	at org.springframework.data.repository.core.support.RepositoryComposition$RepositoryFragments.invoke(RepositoryComposition.java:530)
	at org.springframework.data.repository.core.support.RepositoryComposition.invoke(RepositoryComposition.java:286)
	at org.springframework.data.repository.core.support.RepositoryFactorySupport$ImplementationMethodExecutionInterceptor.invoke(RepositoryFactorySupport.java:640)
	at org.springframework.aop.framework.ReflectiveMethodInvocation.proceed(ReflectiveMethodInvocation.java:186)
	at org.springframework.data.repository.core.support.QueryExecutorMethodInterceptor.doInvoke(QueryExecutorMethodInterceptor.java:164)
	at org.springframework.data.repository.core.support.QueryExecutorMethodInterceptor.invoke(QueryExecutorMethodInterceptor.java:139)
	at org.springframework.aop.framework.ReflectiveMethodInvocation.proceed(ReflectiveMethodInvocation.java:186)
	at org.springframework.data.projection.DefaultMethodInvokingMethodInterceptor.invoke(DefaultMethodInvokingMethodInterceptor.java:76)
	at org.springframework.aop.framework.ReflectiveMethodInvocation.proceed(ReflectiveMethodInvocation.java:186)
	at org.springframework.transaction.interceptor.TransactionInterceptor$1.proceedWithInvocation(TransactionInterceptor.java:123)
	at org.springframework.transaction.interceptor.TransactionAspectSupport.invokeWithinTransaction(TransactionAspectSupport.java:388)
	at org.springframework.transaction.interceptor.TransactionInterceptor.invoke(TransactionInterceptor.java:119)
	at org.springframework.aop.framework.ReflectiveMethodInvocation.proceed(ReflectiveMethodInvocation.java:186)
	at org.springframework.dao.support.PersistenceExceptionTranslationInterceptor.invoke(PersistenceExceptionTranslationInterceptor.java:137)
	at org.springframework.aop.framework.ReflectiveMethodInvocation.proceed(ReflectiveMethodInvocation.java:186)
	at org.springframework.data.jpa.repository.support.CrudMethodMetadataPostProcessor$CrudMethodMetadataPopulatingMethodInterceptor.invoke(CrudMethodMetadataPostProcessor.java:174)
	at org.springframework.aop.framework.ReflectiveMethodInvocation.proceed(ReflectiveMethodInvocation.java:186)
	at org.springframework.aop.interceptor.ExposeInvocationInterceptor.invoke(ExposeInvocationInterceptor.java:97)
	at org.springframework.aop.framework.ReflectiveMethodInvocation.proceed(ReflectiveMethodInvocation.java:186)
	at org.springframework.aop.framework.JdkDynamicAopProxy.invoke(JdkDynamicAopProxy.java:241)
	at jdk.proxy2/jdk.proxy2.$Proxy111.count(Unknown Source)
	at com.networkmonitor.secure_network_monitor.service.DashboardService.getDashboardStatistics(DashboardService.java:22)
	at com.networkmonitor.secure_network_monitor.controller.NetworkMonitorController.getDashboardStats(NetworkMonitorController.java:62)
	at com.networkmonitor.secure_network_monitor.controller.NetworkMonitorController$$FastClassBySpringCGLIB$$d3f3d5e2.invoke(<generated>)
	at org.springframework.cglib.proxy.MethodProxy.invoke(MethodProxy.java:218)
	at org.springframework.aop.framework.CglibAopProxy$CglibMethodInvocation.invokeJoinpoint(CglibAopProxy.java:792)
	at org.springframework.aop.framework.ReflectiveMethodInvocation.proceed(ReflectiveMethodInvocation.java:163)
	at org.springframework.aop.framework.CglibAopProxy$CglibMethodInvocation.proceed(CglibAopProxy.java:762)
	at org.springframework.security.access.intercept.aopalliance.MethodSecurityInterceptor.invoke(MethodSecurityInterceptor.java:61)
	at org.springframework.aop.framework.ReflectiveMethodInvocation.proceed(ReflectiveMethodInvocation.java:186)
	at org.springframework.aop.framework.CglibAopProxy$CglibMethodInvocation.proceed(CglibAopProxy.java:762)
	at org.springframework.aop.framework.CglibAopProxy$DynamicAdvisedInterceptor.intercept(CglibAopProxy.java:707)
	at com.networkmonitor.secure_network_monitor.controller.NetworkMonitorController$$EnhancerBySpringCGLIB$$c1108d17.getDashboardStats(<generated>)
	at java.base/jdk.internal.reflect.DirectMethodHandleAccessor.invoke(DirectMethodHandleAccessor.java:104)
	at java.base/java.lang.reflect.Method.invoke(Method.java:565)
	at org.springframework.web.method.support.InvocableHandlerMethod.doInvoke(InvocableHandlerMethod.java:205)
	at org.springframework.web.method.support.InvocableHandlerMethod.invokeForRequest(InvocableHandlerMethod.java:150)
	at org.springframework.web.servlet.mvc.method.annotation.ServletInvocableHandlerMethod.invokeAndHandle(ServletInvocableHandlerMethod.java:117)
	at org.springframework.web.servlet.mvc.method.annotation.RequestMappingHandlerAdapter.invokeHandlerMethod(RequestMappingHandlerAdapter.java:895)
	at org.springframework.web.servlet.mvc.method.annotation.RequestMappingHandlerAdapter.handleInternal(RequestMappingHandlerAdapter.java:808)
	at org.springframework.web.servlet.mvc.method.AbstractHandlerMethodAdapter.handle(AbstractHandlerMethodAdapter.java:87)
	at org.springframework.web.servlet.DispatcherServlet.doDispatch(DispatcherServlet.java:1072)
	at org.springframework.web.servlet.DispatcherServlet.doService(DispatcherServlet.java:965)
	at org.springframework.web.servlet.FrameworkServlet.processRequest(FrameworkServlet.java:1006)
	at org.springframework.web.servlet.FrameworkServlet.doGet(FrameworkServlet.java:898)
	at javax.servlet.http.HttpServlet.service(HttpServlet.java:529)
	at org.springframework.web.servlet.FrameworkServlet.service(FrameworkServlet.java:883)
	at javax.servlet.http.HttpServlet.service(HttpServlet.java:623)
	at org.apache.catalina.core.ApplicationFilterChain.internalDoFilter(ApplicationFilterChain.java:209)
	at org.apache.catalina.core.ApplicationFilterChain.doFilter(ApplicationFilterChain.java:153)
	at org.apache.tomcat.websocket.server.WsFilter.doFilter(WsFilter.java:51)
	at org.apache.catalina.core.ApplicationFilterChain.internalDoFilter(ApplicationFilterChain.java:178)
	at org.apache.catalina.core.ApplicationFilterChain.doFilter(ApplicationFilterChain.java:153)
	at org.springframework.web.filter.OncePerRequestFilter.doFilter(OncePerRequestFilter.java:111)
	at org.apache.catalina.core.ApplicationFilterChain.internalDoFilter(ApplicationFilterChain.java:178)
	at org.apache.catalina.core.ApplicationFilterChain.doFilter(ApplicationFilterChain.java:153)
	at org.springframework.security.web.FilterChainProxy$VirtualFilterChain.doFilter(FilterChainProxy.java:337)
	at org.springframework.security.web.access.intercept.FilterSecurityInterceptor.invoke(FilterSecurityInterceptor.java:115)
	at org.springframework.security.web.access.intercept.FilterSecurityInterceptor.doFilter(FilterSecurityInterceptor.java:81)
	at org.springframework.security.web.FilterChainProxy$VirtualFilterChain.doFilter(FilterChainProxy.java:346)
	at org.springframework.security.web.access.ExceptionTranslationFilter.doFilter(ExceptionTranslationFilter.java:122)
	at org.springframework.security.web.access.ExceptionTranslationFilter.doFilter(ExceptionTranslationFilter.java:116)
	at org.springframework.security.web.FilterChainProxy$VirtualFilterChain.doFilter(FilterChainProxy.java:346)
	at org.springframework.security.web.session.SessionManagementFilter.doFilter(SessionManagementFilter.java:126)
	at org.springframework.security.web.session.SessionManagementFilter.doFilter(SessionManagementFilter.java:81)
	at org.springframework.security.web.FilterChainProxy$VirtualFilterChain.doFilter(FilterChainProxy.java:346)
	at org.springframework.security.web.authentication.AnonymousAuthenticationFilter.doFilter(AnonymousAuthenticationFilter.java:109)
	at org.springframework.security.web.FilterChainProxy$VirtualFilterChain.doFilter(FilterChainProxy.java:346)
	at org.springframework.security.web.servletapi.SecurityContextHolderAwareRequestFilter.doFilter(SecurityContextHolderAwareRequestFilter.java:149)
	at org.springframework.security.web.FilterChainProxy$VirtualFilterChain.doFilter(FilterChainProxy.java:346)
	at org.springframework.security.web.savedrequest.RequestCacheAwareFilter.doFilter(RequestCacheAwareFilter.java:63)
	at org.springframework.security.web.FilterChainProxy$VirtualFilterChain.doFilter(FilterChainProxy.java:346)
	at com.networkmonitor.secure_network_monitor.security.JwtTokenFilter.doFilterInternal(JwtTokenFilter.java:33)
	at org.springframework.web.filter.OncePerRequestFilter.doFilter(OncePerRequestFilter.java:117)
	at org.springframework.security.web.FilterChainProxy$VirtualFilterChain.doFilter(FilterChainProxy.java:346)
	at org.springframework.security.web.authentication.logout.LogoutFilter.doFilter(LogoutFilter.java:103)
	at org.springframework.security.web.authentication.logout.LogoutFilter.doFilter(LogoutFilter.java:89)
	at org.springframework.security.web.FilterChainProxy$VirtualFilterChain.doFilter(FilterChainProxy.java:346)
	at org.springframework.security.web.header.HeaderWriterFilter.doHeadersAfter(HeaderWriterFilter.java:90)
	at org.springframework.security.web.header.HeaderWriterFilter.doFilterInternal(HeaderWriterFilter.java:75)
	at org.springframework.web.filter.OncePerRequestFilter.doFilter(OncePerRequestFilter.java:117)
	at org.springframework.security.web.FilterChainProxy$VirtualFilterChain.doFilter(FilterChainProxy.java:346)
	at org.springframework.security.web.context.SecurityContextPersistenceFilter.doFilter(SecurityContextPersistenceFilter.java:112)
	at org.springframework.security.web.context.SecurityContextPersistenceFilter.doFilter(SecurityContextPersistenceFilter.java:82)
	at org.springframework.security.web.FilterChainProxy$VirtualFilterChain.doFilter(FilterChainProxy.java:346)
	at org.springframework.security.web.context.request.async.WebAsyncManagerIntegrationFilter.doFilterInternal(WebAsyncManagerIntegrationFilter.java:55)
	at org.springframework.web.filter.OncePerRequestFilter.doFilter(OncePerRequestFilter.java:117)
	at org.springframework.security.web.FilterChainProxy$VirtualFilterChain.doFilter(FilterChainProxy.java:346)
	at org.springframework.security.web.session.DisableEncodeUrlFilter.doFilterInternal(DisableEncodeUrlFilter.java:42)
	at org.springframework.web.filter.OncePerRequestFilter.doFilter(OncePerRequestFilter.java:117)
	at org.springframework.security.web.FilterChainProxy$VirtualFilterChain.doFilter(FilterChainProxy.java:346)
	at org.springframework.security.web.FilterChainProxy.doFilterInternal(FilterChainProxy.java:221)
	at org.springframework.security.web.FilterChainProxy.doFilter(FilterChainProxy.java:186)
	at org.springframework.web.filter.DelegatingFilterProxy.invokeDelegate(DelegatingFilterProxy.java:354)
	at org.springframework.web.filter.DelegatingFilterProxy.doFilter(DelegatingFilterProxy.java:267)
	at org.apache.catalina.core.ApplicationFilterChain.internalDoFilter(ApplicationFilterChain.java:178)
	at org.apache.catalina.core.ApplicationFilterChain.doFilter(ApplicationFilterChain.java:153)
	at org.springframework.web.filter.RequestContextFilter.doFilterInternal(RequestContextFilter.java:100)
	at org.springframework.web.filter.OncePerRequestFilter.doFilter(OncePerRequestFilter.java:117)
	at org.apache.catalina.core.ApplicationFilterChain.internalDoFilter(ApplicationFilterChain.java:178)
	at org.apache.catalina.core.ApplicationFilterChain.doFilter(ApplicationFilterChain.java:153)
	at org.springframework.web.filter.FormContentFilter.doFilterInternal(FormContentFilter.java:93)
	at org.springframework.web.filter.OncePerRequestFilter.doFilter(OncePerRequestFilter.java:117)
	at org.apache.catalina.core.ApplicationFilterChain.internalDoFilter(ApplicationFilterChain.java:178)
	at org.apache.catalina.core.ApplicationFilterChain.doFilter(ApplicationFilterChain.java:153)
	at org.springframework.web.filter.CharacterEncodingFilter.doFilterInternal(CharacterEncodingFilter.java:201)
	at org.springframework.web.filter.OncePerRequestFilter.doFilter(OncePerRequestFilter.java:117)
	at org.apache.catalina.core.ApplicationFilterChain.internalDoFilter(ApplicationFilterChain.java:178)
	at org.apache.catalina.core.ApplicationFilterChain.doFilter(ApplicationFilterChain.java:153)
	at org.apache.catalina.core.StandardWrapperValve.invoke(StandardWrapperValve.java:168)
	at org.apache.catalina.core.StandardContextValve.invoke(StandardContextValve.java:90)
	at org.apache.catalina.authenticator.AuthenticatorBase.invoke(AuthenticatorBase.java:481)
	at org.apache.catalina.core.StandardHostValve.invoke(StandardHostValve.java:130)
	at org.apache.catalina.valves.ErrorReportValve.invoke(ErrorReportValve.java:93)
	at org.apache.catalina.core.StandardEngineValve.invoke(StandardEngineValve.java:74)
	at org.apache.catalina.connector.CoyoteAdapter.service(CoyoteAdapter.java:342)
	at org.apache.coyote.http11.Http11Processor.service(Http11Processor.java:390)
	at org.apache.coyote.AbstractProcessorLight.process(AbstractProcessorLight.java:63)
	at org.apache.coyote.AbstractProtocol$ConnectionHandler.process(AbstractProtocol.java:928)
	at org.apache.tomcat.util.net.NioEndpoint$SocketProcessor.doRun(NioEndpoint.java:1794)
	at org.apache.tomcat.util.net.SocketProcessorBase.run(SocketProcessorBase.java:52)
	at org.apache.tomcat.util.threads.ThreadPoolExecutor.runWorker(ThreadPoolExecutor.java:1191)
	at org.apache.tomcat.util.threads.ThreadPoolExecutor$Worker.run(ThreadPoolExecutor.java:659)
	at org.apache.tomcat.util.threads.TaskThread$WrappingRunnable.run(TaskThread.java:61)
	at java.base/java.lang.Thread.run(Thread.java:1447)
2025-10-30 17:06:52 - org.hibernate.SQL - 
    select
        networkpac0_.id as id1_0_,
        networkpac0_.created_at as created_2_0_,
        networkpac0_.destination_ip as destinat3_0_,
        networkpac0_.encrypted_data as encrypte4_0_,
        networkpac0_.packet_length as packet_l5_0_,
        networkpac0_.packet_protocol as packet_p6_0_,
        networkpac0_.raw_packet_data as raw_pack7_0_,
        networkpac0_.source_ip as source_i8_0_,
        networkpac0_.packet_timestamp as packet_t9_0_ 
    from
        network_packets networkpac0_ 
    order by
        networkpac0_.packet_timestamp desc limit ?
2025-10-30 17:06:52 - o.h.e.jdbc.spi.SqlExceptionHelper - SQL Error: 42104, SQLState: 42S04
2025-10-30 17:06:52 - o.h.e.jdbc.spi.SqlExceptionHelper - Table "NETWORK_PACKETS" not found (this database is empty); SQL statement:
select networkpac0_.id as id1_0_, networkpac0_.created_at as created_2_0_, networkpac0_.destination_ip as destinat3_0_, networkpac0_.encrypted_data as encrypte4_0_, networkpac0_.packet_length as packet_l5_0_, networkpac0_.packet_protocol as packet_p6_0_, networkpac0_.raw_packet_data as raw_pack7_0_, networkpac0_.source_ip as source_i8_0_, networkpac0_.packet_timestamp as packet_t9_0_ from network_packets networkpac0_ order by networkpac0_.packet_timestamp desc limit ? [42104-214]
2025-10-30 17:06:52 - o.a.c.c.C.[.[.[.[dispatcherServlet] - Servlet.service() for servlet [dispatcherServlet] in context with path [] threw exception [Request processing failed; nested exception is org.springframework.dao.InvalidDataAccessResourceUsageException: could not prepare statement; SQL [select networkpac0_.id as id1_0_, networkpac0_.created_at as created_2_0_, networkpac0_.destination_ip as destinat3_0_, networkpac0_.encrypted_data as encrypte4_0_, networkpac0_.packet_length as packet_l5_0_, networkpac0_.packet_protocol as packet_p6_0_, networkpac0_.raw_packet_data as raw_pack7_0_, networkpac0_.source_ip as source_i8_0_, networkpac0_.packet_timestamp as packet_t9_0_ from network_packets networkpac0_ order by networkpac0_.packet_timestamp desc limit ?]; nested exception is org.hibernate.exception.SQLGrammarException: could not prepare statement] with root cause
org.h2.jdbc.JdbcSQLSyntaxErrorException: Table "NETWORK_PACKETS" not found (this database is empty); SQL statement:
select networkpac0_.id as id1_0_, networkpac0_.created_at as created_2_0_, networkpac0_.destination_ip as destinat3_0_, networkpac0_.encrypted_data as encrypte4_0_, networkpac0_.packet_length as packet_l5_0_, networkpac0_.packet_protocol as packet_p6_0_, networkpac0_.raw_packet_data as raw_pack7_0_, networkpac0_.source_ip as source_i8_0_, networkpac0_.packet_timestamp as packet_t9_0_ from network_packets networkpac0_ order by networkpac0_.packet_timestamp desc limit ? [42104-214]
	at org.h2.message.DbException.getJdbcSQLException(DbException.java:502)
	at org.h2.message.DbException.getJdbcSQLException(DbException.java:477)
	at org.h2.message.DbException.get(DbException.java:223)
	at org.h2.message.DbException.get(DbException.java:199)
	at org.h2.command.Parser.getTableOrViewNotFoundDbException(Parser.java:8385)
	at org.h2.command.Parser.getTableOrViewNotFoundDbException(Parser.java:8369)
	at org.h2.command.Parser.readTableOrView(Parser.java:8358)
	at org.h2.command.Parser.readTablePrimary(Parser.java:1863)
	at org.h2.command.Parser.readTableReference(Parser.java:2334)
	at org.h2.command.Parser.parseSelectFromPart(Parser.java:2772)
	at org.h2.command.Parser.parseSelect(Parser.java:2878)
	at org.h2.command.Parser.parseQueryPrimary(Parser.java:2762)
	at org.h2.command.Parser.parseQueryTerm(Parser.java:2633)
	at org.h2.command.Parser.parseQueryExpressionBody(Parser.java:2612)
	at org.h2.command.Parser.parseQueryExpressionBodyAndEndOfQuery(Parser.java:2605)
	at org.h2.command.Parser.parseQueryExpression(Parser.java:2598)
	at org.h2.command.Parser.parseQuery(Parser.java:2567)
	at org.h2.command.Parser.parsePrepared(Parser.java:724)
	at org.h2.command.Parser.parse(Parser.java:689)
	at org.h2.command.Parser.parse(Parser.java:661)
	at org.h2.command.Parser.prepareCommand(Parser.java:569)
	at org.h2.engine.SessionLocal.prepareLocal(SessionLocal.java:631)
	at org.h2.engine.SessionLocal.prepareCommand(SessionLocal.java:554)
	at org.h2.jdbc.JdbcConnection.prepareCommand(JdbcConnection.java:1116)
	at org.h2.jdbc.JdbcPreparedStatement.<init>(JdbcPreparedStatement.java:92)
	at org.h2.jdbc.JdbcConnection.prepareStatement(JdbcConnection.java:288)
	at com.zaxxer.hikari.pool.ProxyConnection.prepareStatement(ProxyConnection.java:337)
	at com.zaxxer.hikari.pool.HikariProxyConnection.prepareStatement(HikariProxyConnection.java)
	at org.hibernate.engine.jdbc.internal.StatementPreparerImpl$5.doPrepare(StatementPreparerImpl.java:149)
	at org.hibernate.engine.jdbc.internal.StatementPreparerImpl$StatementPreparationTemplate.prepareStatement(StatementPreparerImpl.java:176)
	at org.hibernate.engine.jdbc.internal.StatementPreparerImpl.prepareQueryStatement(StatementPreparerImpl.java:151)
	at org.hibernate.loader.Loader.prepareQueryStatement(Loader.java:2122)
	at org.hibernate.loader.Loader.executeQueryStatement(Loader.java:2059)
	at org.hibernate.loader.Loader.executeQueryStatement(Loader.java:2037)
	at org.hibernate.loader.Loader.doQuery(Loader.java:956)
	at org.hibernate.loader.Loader.doQueryAndInitializeNonLazyCollections(Loader.java:357)
	at org.hibernate.loader.Loader.doList(Loader.java:2868)
	at org.hibernate.loader.Loader.doList(Loader.java:2850)
	at org.hibernate.loader.Loader.listIgnoreQueryCache(Loader.java:2682)
	at org.hibernate.loader.Loader.list(Loader.java:2677)
	at org.hibernate.loader.hql.QueryLoader.list(QueryLoader.java:540)
	at org.hibernate.hql.internal.ast.QueryTranslatorImpl.list(QueryTranslatorImpl.java:400)
	at org.hibernate.engine.query.spi.HQLQueryPlan.performList(HQLQueryPlan.java:218)
	at org.hibernate.internal.SessionImpl.list(SessionImpl.java:1459)
	at org.hibernate.query.internal.AbstractProducedQuery.doList(AbstractProducedQuery.java:1649)
	at org.hibernate.query.internal.AbstractProducedQuery.list(AbstractProducedQuery.java:1617)
	at org.hibernate.query.Query.getResultList(Query.java:165)
	at org.hibernate.query.criteria.internal.compile.CriteriaQueryTypeQueryAdapter.getResultList(CriteriaQueryTypeQueryAdapter.java:76)
	at org.springframework.data.jpa.repository.query.JpaQueryExecution$CollectionExecution.doExecute(JpaQueryExecution.java:128)
	at org.springframework.data.jpa.repository.query.JpaQueryExecution.execute(JpaQueryExecution.java:90)
	at org.springframework.data.jpa.repository.query.AbstractJpaQuery.doExecute(AbstractJpaQuery.java:156)
	at org.springframework.data.jpa.repository.query.AbstractJpaQuery.execute(AbstractJpaQuery.java:144)
	at org.springframework.data.repository.core.support.RepositoryMethodInvoker.doInvoke(RepositoryMethodInvoker.java:137)
	at org.springframework.data.repository.core.support.RepositoryMethodInvoker.invoke(RepositoryMethodInvoker.java:121)
	at org.springframework.data.repository.core.support.QueryExecutorMethodInterceptor.doInvoke(QueryExecutorMethodInterceptor.java:160)
	at org.springframework.data.repository.core.support.QueryExecutorMethodInterceptor.invoke(QueryExecutorMethodInterceptor.java:139)
	at org.springframework.aop.framework.ReflectiveMethodInvocation.proceed(ReflectiveMethodInvocation.java:186)
	at org.springframework.data.projection.DefaultMethodInvokingMethodInterceptor.invoke(DefaultMethodInvokingMethodInterceptor.java:76)
	at org.springframework.aop.framework.ReflectiveMethodInvocation.proceed(ReflectiveMethodInvocation.java:186)
	at org.springframework.transaction.interceptor.TransactionInterceptor$1.proceedWithInvocation(TransactionInterceptor.java:123)
	at org.springframework.transaction.interceptor.TransactionAspectSupport.invokeWithinTransaction(TransactionAspectSupport.java:388)
	at org.springframework.transaction.interceptor.TransactionInterceptor.invoke(TransactionInterceptor.java:119)
	at org.springframework.aop.framework.ReflectiveMethodInvocation.proceed(ReflectiveMethodInvocation.java:186)
	at org.springframework.dao.support.PersistenceExceptionTranslationInterceptor.invoke(PersistenceExceptionTranslationInterceptor.java:137)
	at org.springframework.aop.framework.ReflectiveMethodInvocation.proceed(ReflectiveMethodInvocation.java:186)
	at org.springframework.data.jpa.repository.support.CrudMethodMetadataPostProcessor$CrudMethodMetadataPopulatingMethodInterceptor.invoke(CrudMethodMetadataPostProcessor.java:145)
	at org.springframework.aop.framework.ReflectiveMethodInvocation.proceed(ReflectiveMethodInvocation.java:186)
	at org.springframework.aop.interceptor.ExposeInvocationInterceptor.invoke(ExposeInvocationInterceptor.java:97)
	at org.springframework.aop.framework.ReflectiveMethodInvocation.proceed(ReflectiveMethodInvocation.java:186)
	at org.springframework.aop.framework.JdkDynamicAopProxy.invoke(JdkDynamicAopProxy.java:241)
	at jdk.proxy2/jdk.proxy2.$Proxy111.findTop100ByOrderByTimestampDesc(Unknown Source)
	at com.networkmonitor.secure_network_monitor.service.DashboardService.getRecentPackets(DashboardService.java:59)
	at com.networkmonitor.secure_network_monitor.controller.NetworkMonitorController.getRecentPackets(NetworkMonitorController.java:69)
	at com.networkmonitor.secure_network_monitor.controller.NetworkMonitorController$$FastClassBySpringCGLIB$$d3f3d5e2.invoke(<generated>)
	at org.springframework.cglib.proxy.MethodProxy.invoke(MethodProxy.java:218)
	at org.springframework.aop.framework.CglibAopProxy$CglibMethodInvocation.invokeJoinpoint(CglibAopProxy.java:792)
	at org.springframework.aop.framework.ReflectiveMethodInvocation.proceed(ReflectiveMethodInvocation.java:163)
	at org.springframework.aop.framework.CglibAopProxy$CglibMethodInvocation.proceed(CglibAopProxy.java:762)
	at org.springframework.security.access.intercept.aopalliance.MethodSecurityInterceptor.invoke(MethodSecurityInterceptor.java:61)
	at org.springframework.aop.framework.ReflectiveMethodInvocation.proceed(ReflectiveMethodInvocation.java:186)
	at org.springframework.aop.framework.CglibAopProxy$CglibMethodInvocation.proceed(CglibAopProxy.java:762)
	at org.springframework.aop.framework.CglibAopProxy$DynamicAdvisedInterceptor.intercept(CglibAopProxy.java:707)
	at com.networkmonitor.secure_network_monitor.controller.NetworkMonitorController$$EnhancerBySpringCGLIB$$c1108d17.getRecentPackets(<generated>)
	at java.base/jdk.internal.reflect.DirectMethodHandleAccessor.invoke(DirectMethodHandleAccessor.java:104)
	at java.base/java.lang.reflect.Method.invoke(Method.java:565)
	at org.springframework.web.method.support.InvocableHandlerMethod.doInvoke(InvocableHandlerMethod.java:205)
	at org.springframework.web.method.support.InvocableHandlerMethod.invokeForRequest(InvocableHandlerMethod.java:150)
	at org.springframework.web.servlet.mvc.method.annotation.ServletInvocableHandlerMethod.invokeAndHandle(ServletInvocableHandlerMethod.java:117)
	at org.springframework.web.servlet.mvc.method.annotation.RequestMappingHandlerAdapter.invokeHandlerMethod(RequestMappingHandlerAdapter.java:895)
	at org.springframework.web.servlet.mvc.method.annotation.RequestMappingHandlerAdapter.handleInternal(RequestMappingHandlerAdapter.java:808)
	at org.springframework.web.servlet.mvc.method.AbstractHandlerMethodAdapter.handle(AbstractHandlerMethodAdapter.java:87)
	at org.springframework.web.servlet.DispatcherServlet.doDispatch(DispatcherServlet.java:1072)
	at org.springframework.web.servlet.DispatcherServlet.doService(DispatcherServlet.java:965)
	at org.springframework.web.servlet.FrameworkServlet.processRequest(FrameworkServlet.java:1006)
	at org.springframework.web.servlet.FrameworkServlet.doGet(FrameworkServlet.java:898)
	at javax.servlet.http.HttpServlet.service(HttpServlet.java:529)
	at org.springframework.web.servlet.FrameworkServlet.service(FrameworkServlet.java:883)
	at javax.servlet.http.HttpServlet.service(HttpServlet.java:623)
	at org.apache.catalina.core.ApplicationFilterChain.internalDoFilter(ApplicationFilterChain.java:209)
	at org.apache.catalina.core.ApplicationFilterChain.doFilter(ApplicationFilterChain.java:153)
	at org.apache.tomcat.websocket.server.WsFilter.doFilter(WsFilter.java:51)
	at org.apache.catalina.core.ApplicationFilterChain.internalDoFilter(ApplicationFilterChain.java:178)
	at org.apache.catalina.core.ApplicationFilterChain.doFilter(ApplicationFilterChain.java:153)
	at org.springframework.web.filter.OncePerRequestFilter.doFilter(OncePerRequestFilter.java:111)
	at org.apache.catalina.core.ApplicationFilterChain.internalDoFilter(ApplicationFilterChain.java:178)
	at org.apache.catalina.core.ApplicationFilterChain.doFilter(ApplicationFilterChain.java:153)
	at org.springframework.security.web.FilterChainProxy$VirtualFilterChain.doFilter(FilterChainProxy.java:337)
	at org.springframework.security.web.access.intercept.FilterSecurityInterceptor.invoke(FilterSecurityInterceptor.java:115)
	at org.springframework.security.web.access.intercept.FilterSecurityInterceptor.doFilter(FilterSecurityInterceptor.java:81)
	at org.springframework.security.web.FilterChainProxy$VirtualFilterChain.doFilter(FilterChainProxy.java:346)
	at org.springframework.security.web.access.ExceptionTranslationFilter.doFilter(ExceptionTranslationFilter.java:122)
	at org.springframework.security.web.access.ExceptionTranslationFilter.doFilter(ExceptionTranslationFilter.java:116)
	at org.springframework.security.web.FilterChainProxy$VirtualFilterChain.doFilter(FilterChainProxy.java:346)
	at org.springframework.security.web.session.SessionManagementFilter.doFilter(SessionManagementFilter.java:126)
	at org.springframework.security.web.session.SessionManagementFilter.doFilter(SessionManagementFilter.java:81)
	at org.springframework.security.web.FilterChainProxy$VirtualFilterChain.doFilter(FilterChainProxy.java:346)
	at org.springframework.security.web.authentication.AnonymousAuthenticationFilter.doFilter(AnonymousAuthenticationFilter.java:109)
	at org.springframework.security.web.FilterChainProxy$VirtualFilterChain.doFilter(FilterChainProxy.java:346)
	at org.springframework.security.web.servletapi.SecurityContextHolderAwareRequestFilter.doFilter(SecurityContextHolderAwareRequestFilter.java:149)
	at org.springframework.security.web.FilterChainProxy$VirtualFilterChain.doFilter(FilterChainProxy.java:346)
	at org.springframework.security.web.savedrequest.RequestCacheAwareFilter.doFilter(RequestCacheAwareFilter.java:63)
	at org.springframework.security.web.FilterChainProxy$VirtualFilterChain.doFilter(FilterChainProxy.java:346)
	at com.networkmonitor.secure_network_monitor.security.JwtTokenFilter.doFilterInternal(JwtTokenFilter.java:33)
	at org.springframework.web.filter.OncePerRequestFilter.doFilter(OncePerRequestFilter.java:117)
	at org.springframework.security.web.FilterChainProxy$VirtualFilterChain.doFilter(FilterChainProxy.java:346)
	at org.springframework.security.web.authentication.logout.LogoutFilter.doFilter(LogoutFilter.java:103)
	at org.springframework.security.web.authentication.logout.LogoutFilter.doFilter(LogoutFilter.java:89)
	at org.springframework.security.web.FilterChainProxy$VirtualFilterChain.doFilter(FilterChainProxy.java:346)
	at org.springframework.security.web.header.HeaderWriterFilter.doHeadersAfter(HeaderWriterFilter.java:90)
	at org.springframework.security.web.header.HeaderWriterFilter.doFilterInternal(HeaderWriterFilter.java:75)
	at org.springframework.web.filter.OncePerRequestFilter.doFilter(OncePerRequestFilter.java:117)
	at org.springframework.security.web.FilterChainProxy$VirtualFilterChain.doFilter(FilterChainProxy.java:346)
	at org.springframework.security.web.context.SecurityContextPersistenceFilter.doFilter(SecurityContextPersistenceFilter.java:112)
	at org.springframework.security.web.context.SecurityContextPersistenceFilter.doFilter(SecurityContextPersistenceFilter.java:82)
	at org.springframework.security.web.FilterChainProxy$VirtualFilterChain.doFilter(FilterChainProxy.java:346)
	at org.springframework.security.web.context.request.async.WebAsyncManagerIntegrationFilter.doFilterInternal(WebAsyncManagerIntegrationFilter.java:55)
	at org.springframework.web.filter.OncePerRequestFilter.doFilter(OncePerRequestFilter.java:117)
	at org.springframework.security.web.FilterChainProxy$VirtualFilterChain.doFilter(FilterChainProxy.java:346)
	at org.springframework.security.web.session.DisableEncodeUrlFilter.doFilterInternal(DisableEncodeUrlFilter.java:42)
	at org.springframework.web.filter.OncePerRequestFilter.doFilter(OncePerRequestFilter.java:117)
	at org.springframework.security.web.FilterChainProxy$VirtualFilterChain.doFilter(FilterChainProxy.java:346)
	at org.springframework.security.web.FilterChainProxy.doFilterInternal(FilterChainProxy.java:221)
	at org.springframework.security.web.FilterChainProxy.doFilter(FilterChainProxy.java:186)
	at org.springframework.web.filter.DelegatingFilterProxy.invokeDelegate(DelegatingFilterProxy.java:354)
	at org.springframework.web.filter.DelegatingFilterProxy.doFilter(DelegatingFilterProxy.java:267)
	at org.apache.catalina.core.ApplicationFilterChain.internalDoFilter(ApplicationFilterChain.java:178)
	at org.apache.catalina.core.ApplicationFilterChain.doFilter(ApplicationFilterChain.java:153)
	at org.springframework.web.filter.RequestContextFilter.doFilterInternal(RequestContextFilter.java:100)
	at org.springframework.web.filter.OncePerRequestFilter.doFilter(OncePerRequestFilter.java:117)
	at org.apache.catalina.core.ApplicationFilterChain.internalDoFilter(ApplicationFilterChain.java:178)
	at org.apache.catalina.core.ApplicationFilterChain.doFilter(ApplicationFilterChain.java:153)
	at org.springframework.web.filter.FormContentFilter.doFilterInternal(FormContentFilter.java:93)
	at org.springframework.web.filter.OncePerRequestFilter.doFilter(OncePerRequestFilter.java:117)
	at org.apache.catalina.core.ApplicationFilterChain.internalDoFilter(ApplicationFilterChain.java:178)
	at org.apache.catalina.core.ApplicationFilterChain.doFilter(ApplicationFilterChain.java:153)
	at org.springframework.web.filter.CharacterEncodingFilter.doFilterInternal(CharacterEncodingFilter.java:201)
	at org.springframework.web.filter.OncePerRequestFilter.doFilter(OncePerRequestFilter.java:117)
	at org.apache.catalina.core.ApplicationFilterChain.internalDoFilter(ApplicationFilterChain.java:178)
	at org.apache.catalina.core.ApplicationFilterChain.doFilter(ApplicationFilterChain.java:153)
	at org.apache.catalina.core.StandardWrapperValve.invoke(StandardWrapperValve.java:168)
	at org.apache.catalina.core.StandardContextValve.invoke(StandardContextValve.java:90)
	at org.apache.catalina.authenticator.AuthenticatorBase.invoke(AuthenticatorBase.java:481)
	at org.apache.catalina.core.StandardHostValve.invoke(StandardHostValve.java:130)
	at org.apache.catalina.valves.ErrorReportValve.invoke(ErrorReportValve.java:93)
	at org.apache.catalina.core.StandardEngineValve.invoke(StandardEngineValve.java:74)
	at org.apache.catalina.connector.CoyoteAdapter.service(CoyoteAdapter.java:342)
	at org.apache.coyote.http11.Http11Processor.service(Http11Processor.java:390)
	at org.apache.coyote.AbstractProcessorLight.process(AbstractProcessorLight.java:63)
	at org.apache.coyote.AbstractProtocol$ConnectionHandler.process(AbstractProtocol.java:928)
	at org.apache.tomcat.util.net.NioEndpoint$SocketProcessor.doRun(NioEndpoint.java:1794)
	at org.apache.tomcat.util.net.SocketProcessorBase.run(SocketProcessorBase.java:52)
	at org.apache.tomcat.util.threads.ThreadPoolExecutor.runWorker(ThreadPoolExecutor.java:1191)
	at org.apache.tomcat.util.threads.ThreadPoolExecutor$Worker.run(ThreadPoolExecutor.java:659)
	at org.apache.tomcat.util.threads.TaskThread$WrappingRunnable.run(TaskThread.java:61)
	at java.base/java.lang.Thread.run(Thread.java:1447)
2025-10-30 17:09:20 - o.s.o.j.LocalContainerEntityManagerFactoryBean - Closing JPA EntityManagerFactory for persistence unit 'default'
2025-10-30 17:09:20 - com.zaxxer.hikari.HikariDataSource - HikariPool-1 - Shutdown initiated...
2025-10-30 17:09:20 - com.zaxxer.hikari.HikariDataSource - HikariPool-1 - Shutdown completed.
